,Alias,AppAccountFlag,AttrStatus,ChatRoomId,City,ContactFlag,DisplayName,EncryChatRoomId,HeadImgUrl,HideInputBarFlag,IsOwner,KeyWord,MemberCount,MemberList,NickName,OwnerUin,PYInitial,PYQuanPin,Province,RemarkName,RemarkPYInitial,RemarkPYQuanPin,Sex,Signature,SnsFlag,StarFriend,Statues,Uin,UniFriend,UserName,VerifyFlag
0,,0,0,0,,3,,,/cgi-bin/mmwebwx-bin/webwxgetheadimg?seq=620762117&username=@@aef903f6da51536b6165c6b59441d395e87a16ca7a29fbc68ef1b75d3e106c4b&skey=@crypt_66beaad_7489847fe7bbe92e5ce6e72039801ce8,0,0,,0,[],上屋顶,0,SWD,shangwuding,,,,,0,,0,0,0,0,0,@@aef903f6da51536b6165c6b59441d395e87a16ca7a29fbc68ef1b75d3e106c4b,0
1,,0,0,0,,3,,,/cgi-bin/mmwebwx-bin/webwxgetheadimg?seq=631137446&username=@@8f611876002e28021b595543fb629c32b565d22284907b73ed459cec6e8c0fed&skey=@crypt_66beaad_7489847fe7bbe92e5ce6e72039801ce8,0,0,,0,[],SW3 管理闲聊群,0,SW3GLXLQ,SW3guanlixianliaoqun,,,,,0,,0,0,0,0,0,@@8f611876002e28021b595543fb629c32b565d22284907b73ed459cec6e8c0fed,0
2,,0,0,0,,3,,,/cgi-bin/mmwebwx-bin/webwxgetheadimg?seq=632294095&username=@@90b7c98657f56317157f164bb12cd941d59491e83898dbbc7d67259f8eb6b5d8&skey=@crypt_66beaad_7489847fe7bbe92e5ce6e72039801ce8,0,1,,0,[],家庭群,0,JTQ,jiatingqun,,,,,0,,0,0,1,0,0,@@90b7c98657f56317157f164bb12cd941d59491e83898dbbc7d67259f8eb6b5d8,0
3,,0,0,0,,3,,,/cgi-bin/mmwebwx-bin/webwxgetheadimg?seq=632266199&username=@@912974922d5535c352a272b3f7b18a7838e4b8af4d6c4b19e61accacd0d9206d&skey=@crypt_66beaad_7489847fe7bbe92e5ce6e72039801ce8,0,0,,0,[],车匠人创业团队,0,CJRCYTD,chejiangrenchuangyetuandui,,,,,0,,0,0,0,0,0,@@912974922d5535c352a272b3f7b18a7838e4b8af4d6c4b19e61accacd0d9206d,0
4,,0,0,0,,3,,,/cgi-bin/mmwebwx-bin/webwxgetheadimg?seq=632279432&username=@@d724ee02938326daf856d74b5e1a5637017997eef2f81c0c0c00d7a735936c50&skey=@crypt_66beaad_7489847fe7bbe92e5ce6e72039801ce8,0,1,,0,[],十全十美,0,SQSM,shiquanshimei,,,,,0,,0,0,0,0,0,@@d724ee02938326daf856d74b5e1a5637017997eef2f81c0c0c00d7a735936c50,0
5,,0,0,0,,3,,,/cgi-bin/mmwebwx-bin/webwxgetheadimg?seq=637707267&username=@@026ddcc6b2d660687b9ff465ed1b95992508d7a924ddb8ff03aaaa94d367e888&skey=@crypt_66beaad_7489847fe7bbe92e5ce6e72039801ce8,0,0,,0,[],ES黑客星期四,0,ESHKXJS,ESheikexingjisi,,,,,0,,0,0,1,0,0,@@026ddcc6b2d660687b9ff465ed1b95992508d7a924ddb8ff03aaaa94d367e888,0
6,,0,0,0,,3,,,/cgi-bin/mmwebwx-bin/webwxgetheadimg?seq=628699552&username=@@affe1712e25fd0cbe52a4be5d6f6820a9c536abf07aa82874a787c138c01fcd6&skey=@crypt_66beaad_7489847fe7bbe92e5ce6e72039801ce8,0,1,,0,[],DA4 LT Group,0,DA4LTGROUP,DA4LTGroup,,,,,0,,0,0,1,0,0,@@affe1712e25fd0cbe52a4be5d6f6820a9c536abf07aa82874a787c138c01fcd6,0
7,,0,0,0,,3,,,/cgi-bin/mmwebwx-bin/webwxgetheadimg?seq=637718372&username=@@fe52c76074e429109c1480dbe7e5a8a8fe3f3206d400612f597bb4ee56c8dfd0&skey=@crypt_66beaad_7489847fe7bbe92e5ce6e72039801ce8,0,1,,0,[],宝小3班同学群,0,BX3BTXQ,baoxiao3bantongxuequn,,,,,0,,0,0,1,0,0,@@fe52c76074e429109c1480dbe7e5a8a8fe3f3206d400612f597bb4ee56c8dfd0,0
8,,0,0,0,,3,,,/cgi-bin/mmwebwx-bin/webwxgetheadimg?seq=634792352&username=@@fc74d37e2097d993f9958e61902f3b7f354911ddb48430b6bccb9f952ffe3c45&skey=@crypt_66beaad_7489847fe7bbe92e5ce6e72039801ce8,0,1,,0,[],第三小组,0,DSXZ,disanxiaozu,,,,,0,,0,0,1,0,0,@@fc74d37e2097d993f9958e61902f3b7f354911ddb48430b6bccb9f952ffe3c45,0
9,,0,0,0,,3,,,/cgi-bin/mmwebwx-bin/webwxgetheadimg?seq=647196761&username=@@536ea296ddb40d6c5452d7689b4dd940a57d5a7996bdee09ae503766fcc6fcc2&skey=@crypt_66beaad_7489847fe7bbe92e5ce6e72039801ce8,0,0,,0,[],15级寿涌毅团队,0,15JSCYTD,15jishouchongyituandui,,,,,0,,0,0,1,0,0,@@536ea296ddb40d6c5452d7689b4dd940a57d5a7996bdee09ae503766fcc6fcc2,0
10,,0,0,0,,3,,,/cgi-bin/mmwebwx-bin/webwxgetheadimg?seq=647301844&username=@@c2a291bd3e9431c21d7313652dc3c240a3747ce34683900bee69e36f2bc02717&skey=@crypt_66beaad_7489847fe7bbe92e5ce6e72039801ce8,0,0,,0,[],周末1班公众号运维组,0,ZM1BGZHYWZ,zhoumo1bangongzhonghaoyunweizu,,,,,0,,0,0,0,0,0,@@c2a291bd3e9431c21d7313652dc3c240a3747ce34683900bee69e36f2bc02717,0
11,,0,0,0,,3,,,/cgi-bin/mmwebwx-bin/webwxgetheadimg?seq=647339321&username=@@2971723a12dc4cd895438b3630830f87c2ff0e4ac9ee67efbd61c5ddc6e304de&skey=@crypt_66beaad_7489847fe7bbe92e5ce6e72039801ce8,0,0,,0,[],管理案例小组,0,GLALXZ,guanlianlixiaozu,,,,,0,,0,0,0,0,0,@@2971723a12dc4cd895438b3630830f87c2ff0e4ac9ee67efbd61c5ddc6e304de,0
12,,0,0,0,,3,,,/cgi-bin/mmwebwx-bin/webwxgetheadimg?seq=647322602&username=@@d63bc9ec748a4172fe23cbbe35f7ede71f5090bd034880fccdcd83c4ac1f2bdf&skey=@crypt_66beaad_7489847fe7bbe92e5ce6e72039801ce8,0,0,,0,[],15MBA周末一班班委,0,15MBAZMYBBW,15MBAzhoumoyibanbanwei,,,,,0,,0,0,0,0,0,@@d63bc9ec748a4172fe23cbbe35f7ede71f5090bd034880fccdcd83c4ac1f2bdf,0
13,,0,0,0,,3,,,/cgi-bin/mmwebwx-bin/webwxgetheadimg?seq=662770432&username=@@db4dadef8ef6b124df990a416e4e262a36c1a0d14b46d9d1ef513617157080fc&skey=@crypt_66beaad_7489847fe7bbe92e5ce6e72039801ce8,0,1,,0,[],绿包群,0,LBQ,lubaoqun,,,,,0,,0,0,1,0,0,@@db4dadef8ef6b124df990a416e4e262a36c1a0d14b46d9d1ef513617157080fc,0
14,,0,0,0,,3,,,/cgi-bin/mmwebwx-bin/webwxgetheadimg?seq=662776381&username=@@c6310f8456b7f281ac4d97898f28903da5c5fa1ec2aa9666015fabfa081d4e4d&skey=@crypt_66beaad_7489847fe7bbe92e5ce6e72039801ce8,0,0,,0,[],诺西工行ETC卡办理,0,NXGXETCKBL,nuoxigongxingETCkabanli,,,,,0,,0,0,0,0,0,@@c6310f8456b7f281ac4d97898f28903da5c5fa1ec2aa9666015fabfa081d4e4d,0
15,,0,0,0,,3,,,/cgi-bin/mmwebwx-bin/webwxgetheadimg?seq=662778331&username=@@f45d55c8ec63459ad3885f1ca079a7be49fa998057d96c2d06d2511154cc0848&skey=@crypt_66beaad_7489847fe7bbe92e5ce6e72039801ce8,0,1,,0,[],CS DevOps,0,CSDEVOPS,CSDevOps,,,,,0,,0,0,1,0,0,@@f45d55c8ec63459ad3885f1ca079a7be49fa998057d96c2d06d2511154cc0848,0
16,,0,0,0,,3,,,/cgi-bin/mmwebwx-bin/webwxgetheadimg?seq=647355367&username=@@972c795645a5efb7f6f9c5f33502cf9d587fc5fd184990b97a6619f91b17afce&skey=@crypt_66beaad_7489847fe7bbe92e5ce6e72039801ce8,0,1,,0,[],量化投资讨论组,0,LHTZTLZ,lianghuatouzitaolunzu,,,,,0,,0,0,1,0,0,@@972c795645a5efb7f6f9c5f33502cf9d587fc5fd184990b97a6619f91b17afce,0
17,,0,0,0,,3,,,/cgi-bin/mmwebwx-bin/webwxgetheadimg?seq=644704787&username=@@877be875c7178249350a25676a706a9d9656e28112bfe43e37a956b60706197d&skey=@crypt_66beaad_7489847fe7bbe92e5ce6e72039801ce8,0,0,,0,[],SW3 LT,0,SW3LT,SW3LT,,,,,0,,0,0,0,0,0,@@877be875c7178249350a25676a706a9d9656e28112bfe43e37a956b60706197d,0
18,,0,0,0,,3,,,/cgi-bin/mmwebwx-bin/webwxgetheadimg?seq=663120180&username=@@3a42c06b41c3866a0cd3ddcd87e283971b7d7dc29cfa4254a32e19f8f14620c8&skey=@crypt_66beaad_7489847fe7bbe92e5ce6e72039801ce8,0,0,,0,[],浙大人在诺记??,0,ZDRZNJSPANCLASSEMOJIEMOJI2764SPAN?,zhedarenzainuojispanclassemojiemoji2764span?,,,,,0,,0,0,0,0,0,@@3a42c06b41c3866a0cd3ddcd87e283971b7d7dc29cfa4254a32e19f8f14620c8,0
19,,0,0,0,,3,,,/cgi-bin/mmwebwx-bin/webwxgetheadimg?seq=647373465&username=@@deda4e3160267097f2aa5069c154c0e4517754a24893c10a831ce4b39d311be0&skey=@crypt_66beaad_7489847fe7bbe92e5ce6e72039801ce8,0,0,,0,[],资本市场前沿讲座群,0,ZBSCQYJZQ,zibenshichangqianyanjiangzuoqun,,,,,0,,0,0,0,0,0,@@deda4e3160267097f2aa5069c154c0e4517754a24893c10a831ce4b39d311be0,0
20,,0,0,0,,3,,,/cgi-bin/mmwebwx-bin/webwxgetheadimg?seq=663049838&username=@@5262a1648c36c3dc7daf16de22ccd4edb20bfd877575450290c9b51fe5082b47&skey=@crypt_66beaad_7489847fe7bbe92e5ce6e72039801ce8,0,1,,0,[],ZJU MBA2015 reading club,0,ZJUMBA2015READINGCLUB,ZJUMBA2015readingclub,,,,,0,,0,0,1,0,0,@@5262a1648c36c3dc7daf16de22ccd4edb20bfd877575450290c9b51fe5082b47,0
21,,0,0,0,,3,,,/cgi-bin/mmwebwx-bin/webwxgetheadimg?seq=663208460&username=@@22bcdc9018ca8da4087f936f49fb9d44a590b003cca49384baf6f71e1c6c31ab&skey=@crypt_66beaad_7489847fe7bbe92e5ce6e72039801ce8,0,0,,0,[],826布置教室,0,826BZJS,826buzhijiaoshi,,,,,0,,0,0,1,0,0,@@22bcdc9018ca8da4087f936f49fb9d44a590b003cca49384baf6f71e1c6c31ab,0
22,,0,0,0,,3,,,/cgi-bin/mmwebwx-bin/webwxgetheadimg?seq=663236616&username=@@f9cb5b5218e94ed856341219a871747d4d5f5b77259769e046b09cf532599d53&skey=@crypt_66beaad_7489847fe7bbe92e5ce6e72039801ce8,0,1,,0,[],财务分析5B 京东,0,CWFX5BJD,caiwufenxi5Bjingdong,,,,,0,,0,0,0,0,0,@@f9cb5b5218e94ed856341219a871747d4d5f5b77259769e046b09cf532599d53,0
23,,0,0,0,,3,,,/cgi-bin/mmwebwx-bin/webwxgetheadimg?seq=621270344&username=@@3068f4473f0f83178eb60a02ac49f81a84740a5f26d1658d23e457df85e5650e&skey=@crypt_66beaad_7489847fe7bbe92e5ce6e72039801ce8,0,0,,0,[],俞氏八姐弟大家庭群,0,YSBJDDJTQ,yushibajiedidajiatingqun,,,,,0,,0,0,1,0,0,@@3068f4473f0f83178eb60a02ac49f81a84740a5f26d1658d23e457df85e5650e,0
24,,0,0,0,,3,,,/cgi-bin/mmwebwx-bin/webwxgetheadimg?seq=662775479&username=@@13d62bbb56c1ce7e1f9f979b5448855ba28cced6296fc6305d8c042dfc1a25a1&skey=@crypt_66beaad_7489847fe7bbe92e5ce6e72039801ce8,0,0,,0,[],保小3班小伙伴,0,BX3BXHB,baoxiao3banxiaohuoban,,,,,0,,0,0,1,0,0,@@13d62bbb56c1ce7e1f9f979b5448855ba28cced6296fc6305d8c042dfc1a25a1,0
25,,0,0,0,,3,,,/cgi-bin/mmwebwx-bin/webwxgetheadimg?seq=663249474&username=@@a8d6349b2af4b4e479d5a068d48494d7bf7ba656c1507552db38c757ababf53f&skey=@crypt_66beaad_7489847fe7bbe92e5ce6e72039801ce8,0,1,,0,[],千岛湖度假,0,QDHDJ,qiandaohudujia,,,,,0,,0,0,1,0,0,@@a8d6349b2af4b4e479d5a068d48494d7bf7ba656c1507552db38c757ababf53f,0
26,,0,0,0,,3,,,/cgi-bin/mmwebwx-bin/webwxgetheadimg?seq=634820270&username=@@9193ad46642e5ee1334c60650ae700cca2b45274f758a69e4c823a65c2734c04&skey=@crypt_66beaad_7489847fe7bbe92e5ce6e72039801ce8,0,0,,0,[],家庭群,0,JTQ,jiatingqun,,,,,0,,0,0,0,0,0,@@9193ad46642e5ee1334c60650ae700cca2b45274f758a69e4c823a65c2734c04,0
27,,0,0,0,,3,,,/cgi-bin/mmwebwx-bin/webwxgetheadimg?seq=663282525&username=@@6f517da7bf7fb1e38072627bfadf26d3808fc19eb80ed4e03f0582be614fff40&skey=@crypt_66beaad_7489847fe7bbe92e5ce6e72039801ce8,0,0,,0,[],万物互联,0,WWHL,wanwuhulian,,,,,0,,0,0,0,0,0,@@6f517da7bf7fb1e38072627bfadf26d3808fc19eb80ed4e03f0582be614fff40,0
28,,0,0,0,,3,,,/cgi-bin/mmwebwx-bin/webwxgetheadimg?seq=663296396&username=@@a4c417bc75da5d44ca97441e38b68b08a78e92ab85b6ab097c4d7b6d2989691a&skey=@crypt_66beaad_7489847fe7bbe92e5ce6e72039801ce8,0,0,,0,[],97届高三5班,0,97JGS5B,97jiegaosan5ban,,,,,0,,0,0,0,0,0,@@a4c417bc75da5d44ca97441e38b68b08a78e92ab85b6ab097c4d7b6d2989691a,0
29,,0,0,0,,3,,,/cgi-bin/mmwebwx-bin/webwxgetheadimg?seq=663306821&username=@@6b334dfedb6f91da3d134a3103f5a880a8b6c09b6f7d111cd0787660c9750554&skey=@crypt_66beaad_7489847fe7bbe92e5ce6e72039801ce8,0,0,,0,[],11.19 Nokia JUC,0,1119NOKIAJUC,1119NokiaJUC,,,,,0,,0,0,1,0,0,@@6b334dfedb6f91da3d134a3103f5a880a8b6c09b6f7d111cd0787660c9750554,0
30,,0,0,0,,3,,,/cgi-bin/mmwebwx-bin/webwxgetheadimg?seq=628690916&username=@@a0dc579fc4516b17ec39606ce3df4a789c657f719937533c4628236d3e82d998&skey=@crypt_66beaad_7489847fe7bbe92e5ce6e72039801ce8,0,0,,0,[],何家群,0,HJQ,hejiaqun,,,,,0,,0,0,1,0,0,@@a0dc579fc4516b17ec39606ce3df4a789c657f719937533c4628236d3e82d998,0
31,,0,0,0,,3,,,/cgi-bin/mmwebwx-bin/webwxgetheadimg?seq=663156464&username=@@fd8104d9dea3adbeefd4080aef06200313410f03c8ce2bcec2917aacb109a50c&skey=@crypt_66beaad_7489847fe7bbe92e5ce6e72039801ce8,0,0,,0,[],跨文化管理,0,KWHGL,kuawenhuaguanli,,,,,0,,0,0,0,0,0,@@fd8104d9dea3adbeefd4080aef06200313410f03c8ce2bcec2917aacb109a50c,0
32,,0,0,0,,3,,,/cgi-bin/mmwebwx-bin/webwxgetheadimg?seq=676621082&username=@@8e0e1c1c872a177abbb3d0dea74c2adfa340083af41c16aa7e256878c554ef2f&skey=@crypt_66beaad_7489847fe7bbe92e5ce6e72039801ce8,0,0,,0,[],民生办境外卡,0,MSBJWK,minshengbanjingwaika,,,,,0,,0,0,0,0,0,@@8e0e1c1c872a177abbb3d0dea74c2adfa340083af41c16aa7e256878c554ef2f,0
33,,0,0,0,,3,,,/cgi-bin/mmwebwx-bin/webwxgetheadimg?seq=676638576&username=@@b1c216246f5bbcc81ca0b9143f8e51c9958f2331321f6e1121253e0341fba947&skey=@crypt_66beaad_7489847fe7bbe92e5ce6e72039801ce8,0,0,,0,[],家庭联谊群,0,JTLYQ,jiatinglianyiqun,,,,,0,,0,0,0,0,0,@@b1c216246f5bbcc81ca0b9143f8e51c9958f2331321f6e1121253e0341fba947,0
34,,0,0,0,,3,,,/cgi-bin/mmwebwx-bin/webwxgetheadimg?seq=676640574&username=@@03b8f86cd6910c3753dfe4db7100b82fadbcf6870a89908d5881b8ff5fabe486&skey=@crypt_66beaad_7489847fe7bbe92e5ce6e72039801ce8,0,0,,0,[],领导力与组织行为讨论小组,0,LDLYZZXWTLXZ,lingdaoliyuzuzhixingweitaolunxiaozu,,,,,0,,0,0,0,0,0,@@03b8f86cd6910c3753dfe4db7100b82fadbcf6870a89908d5881b8ff5fabe486,0
35,,0,0,0,,3,,,/cgi-bin/mmwebwx-bin/webwxgetheadimg?seq=676656813&username=@@05b9271d09b7db27a90ef1dfc0ef06acc870ec892612a15f51699548c3fd9f8d&skey=@crypt_66beaad_7489847fe7bbe92e5ce6e72039801ce8,0,1,,0,[],机器学习平台,0,JQXXPT,jiqixuexipingtai,,,,,0,,0,0,1,0,0,@@05b9271d09b7db27a90ef1dfc0ef06acc870ec892612a15f51699548c3fd9f8d,0
36,,0,0,0,,3,,,/cgi-bin/mmwebwx-bin/webwxgetheadimg?seq=678734907&username=@@51207b5ab5019ea39f20ce474c90fda08d18a21ce6d5a64778e18c32d6080e3e&skey=@crypt_66beaad_7489847fe7bbe92e5ce6e72039801ce8,0,1,,0,[],CDC guild LT,0,CDCGUILDLT,CDCguildLT,,,,,0,,0,0,1,0,0,@@51207b5ab5019ea39f20ce474c90fda08d18a21ce6d5a64778e18c32d6080e3e,0
37,,0,0,0,,3,,,/cgi-bin/mmwebwx-bin/webwxgetheadimg?seq=663143223&username=@@6f4b612fc976c910d5f5bb58287a610b363ffb02303758c808848ab2644e034a&skey=@crypt_66beaad_7489847fe7bbe92e5ce6e72039801ce8,0,0,,0,[],蒲公英嘉年华 东方郡群,0,PGYJNHDFJQ,pugongyingjianianhuadongfangjunqun,,,,,0,,0,0,0,0,0,@@6f4b612fc976c910d5f5bb58287a610b363ffb02303758c808848ab2644e034a,0
38,,0,0,0,,3,,,/cgi-bin/mmwebwx-bin/webwxgetheadimg?seq=663329712&username=@@b9d86d335e24fc74b5839d013da738905cbd31f6afa632946a6a91ba43e61e7a&skey=@crypt_66beaad_7489847fe7bbe92e5ce6e72039801ce8,0,1,,0,[],natureiot运营,0,NATUREIOTYY,natureiotyunying,,,,,0,,0,0,1,0,0,@@b9d86d335e24fc74b5839d013da738905cbd31f6afa632946a6a91ba43e61e7a,0
39,,0,0,0,,3,,,/cgi-bin/mmwebwx-bin/webwxgetheadimg?seq=680873353&username=@@8606d9633d30c68c2005f2694cdf7a6f2d549a7acb87a4ad17d494e13bd3b1c1&skey=@crypt_66beaad_7489847fe7bbe92e5ce6e72039801ce8,0,0,,0,[],不一般的一班 创造非凡 创投群,0,BYBDYBCZFFCTQ,buyibandeyibanchuangzaofeifanchuangtouqun,,,,,0,,0,0,0,0,0,@@8606d9633d30c68c2005f2694cdf7a6f2d549a7acb87a4ad17d494e13bd3b1c1,0
40,,0,0,0,,3,,,/cgi-bin/mmwebwx-bin/webwxgetheadimg?seq=647145721&username=@@f41cbef78d0f5df53a65229e016538e44e2de1c8c023a5c1d1f44a9bc399bdbd&skey=@crypt_66beaad_7489847fe7bbe92e5ce6e72039801ce8,0,0,,0,[],计师97,0,JS97,jishi97,,,,,0,,0,0,0,0,0,@@f41cbef78d0f5df53a65229e016538e44e2de1c8c023a5c1d1f44a9bc399bdbd,0
41,,0,0,0,,3,,,/cgi-bin/mmwebwx-bin/webwxgetheadimg?seq=680879304&username=@@bd2de85304c9684ef233b1ff5031eebef66c5df76dfcdd657281220d523074c2&skey=@crypt_66beaad_7489847fe7bbe92e5ce6e72039801ce8,0,0,,0,[],诺基亚技术嘉年华筹办2018,0,NJYJSJNHCB2018,nuojiyajishujianianhuachouban2018,,,,,0,,0,0,0,0,0,@@bd2de85304c9684ef233b1ff5031eebef66c5df76dfcdd657281220d523074c2,0
42,,0,0,0,,3,,,/cgi-bin/mmwebwx-bin/webwxgetheadimg?seq=680913455&username=@@f465facff3e79d333702dc137001601e6addb892e8b9a94d70c48eccda688dd9&skey=@crypt_66beaad_7489847fe7bbe92e5ce6e72039801ce8,0,0,,0,[],2018 outing,0,2018OUTING,2018outing,,,,,0,,0,0,0,0,0,@@f465facff3e79d333702dc137001601e6addb892e8b9a94d70c48eccda688dd9,0
43,,0,0,0,,3,,,/cgi-bin/mmwebwx-bin/webwxgetheadimg?seq=680972380&username=@@b113e21d520071100eab6b66c9e7df87a3a5d2f93de1e5d3bf463aabd19896c5&skey=@crypt_66beaad_7489847fe7bbe92e5ce6e72039801ce8,0,1,,0,[],labot,0,LABOT,labot,,,,,0,,0,0,1,0,0,@@b113e21d520071100eab6b66c9e7df87a3a5d2f93de1e5d3bf463aabd19896c5,0
44,,0,0,0,,3,,,/cgi-bin/mmwebwx-bin/webwxgetheadimg?seq=663278815&username=@@29537bcc4bdb16ca2b465d1f559e555251f77f9a8a67fb9c5d056e53eeb75c06&skey=@crypt_66beaad_7489847fe7bbe92e5ce6e72039801ce8,0,0,,0,[],2017管院龙舟活动,0,2017GYLZHD,2017guanyuanlongzhouhuodong,,,,,0,,0,0,0,0,0,@@29537bcc4bdb16ca2b465d1f559e555251f77f9a8a67fb9c5d056e53eeb75c06,0
45,,0,0,0,,3,,,/cgi-bin/mmwebwx-bin/webwxgetheadimg?seq=640575959&username=@@d8c632dad8274efb5351d3b83109c7bc2bdb77931ce32ca3c47fbd53fe3502f2&skey=@crypt_66beaad_7489847fe7bbe92e5ce6e72039801ce8,0,0,,0,[],跨国上市公司报表,0,KGSSGSBB,kuaguoshangshigongsibaobiao,,,,,0,,0,0,0,0,0,@@d8c632dad8274efb5351d3b83109c7bc2bdb77931ce32ca3c47fbd53fe3502f2,0
46,,0,0,0,,3,,,/cgi-bin/mmwebwx-bin/webwxgetheadimg?seq=681005433&username=@@133c6f845cb3f9d219a396c78c6e6fb39729ec0541ceffbddfbb2b2a83da9e21&skey=@crypt_66beaad_7489847fe7bbe92e5ce6e72039801ce8,0,0,,0,[],JUC 讲师群,0,JUCJSQ,JUCjiangshiqun,,,,,0,,0,0,0,0,0,@@133c6f845cb3f9d219a396c78c6e6fb39729ec0541ceffbddfbb2b2a83da9e21,0
47,,0,0,0,,3,,,/cgi-bin/mmwebwx-bin/webwxgetheadimg?seq=681034966&username=@@047dd168d9ecde8cbb3e198b6bca221da12dcdabd51498b2528851b98a361a2d&skey=@crypt_66beaad_7489847fe7bbe92e5ce6e72039801ce8,0,0,,0,[],浙大MBA股票核心高手交流群,0,ZDMBAGPHXGSJLQ,zhedaMBAgupiaohexingaoshoujiaoliuqun,,,,,0,,0,0,0,0,0,@@047dd168d9ecde8cbb3e198b6bca221da12dcdabd51498b2528851b98a361a2d,0
48,,0,0,0,,3,,,/cgi-bin/mmwebwx-bin/webwxgetheadimg?seq=681063615&username=@@662b36bb643cc93da4b19de7ec4ec35408d69f85d83f633bc0445e2724af7644&skey=@crypt_66beaad_7489847fe7bbe92e5ce6e72039801ce8,0,1,,0,[],努力工作群 topgear,0,NLGZQTOPGEAR,nuligongzuoquntopgear,,,,,0,,0,0,0,0,0,@@662b36bb643cc93da4b19de7ec4ec35408d69f85d83f633bc0445e2724af7644,0
49,,0,0,0,,3,,,/cgi-bin/mmwebwx-bin/webwxgetheadimg?seq=681069444&username=@@d8dd06f3011bcca266767858ba381b9ad50b7acf0afd33dd464b30d22d56ce4c&skey=@crypt_66beaad_7489847fe7bbe92e5ce6e72039801ce8,0,0,,0,[],江南沙画群,0,JNSHQ,jiangnashahuaqun,,,,,0,,0,0,0,0,0,@@d8dd06f3011bcca266767858ba381b9ad50b7acf0afd33dd464b30d22d56ce4c,0
50,,0,0,0,,3,,,/cgi-bin/mmwebwx-bin/webwxgetheadimg?seq=681071557&username=@@5445a9b79d1def8bd47b813e2a8d786cefab843d14f8e54f8599fcd9b56b05b8&skey=@crypt_66beaad_7489847fe7bbe92e5ce6e72039801ce8,0,1,,0,[],natureiot,0,NATUREIOT,natureiot,,,,,0,,0,0,1,0,0,@@5445a9b79d1def8bd47b813e2a8d786cefab843d14f8e54f8599fcd9b56b05b8,0
51,,0,0,0,,3,,,/cgi-bin/mmwebwx-bin/webwxgetheadimg?seq=681057215&username=@@03243370d424c3ec24490d84786dd4cc41f2785b14cf6df3d57d69b0ba217db8&skey=@crypt_66beaad_7489847fe7bbe92e5ce6e72039801ce8,0,0,,0,[],Okinawa～GO 冲绳,0,OKINAWAGOCS,OkinawaGOchongsheng,,,,,0,,0,0,1,0,0,@@03243370d424c3ec24490d84786dd4cc41f2785b14cf6df3d57d69b0ba217db8,0
52,,0,0,0,,3,,,/cgi-bin/mmwebwx-bin/webwxgetheadimg?seq=681136945&username=@@674d2259a07902eef4f8378743f73bf9142c26eb7c6a8c90e6cbef4bf4990b54&skey=@crypt_66beaad_7489847fe7bbe92e5ce6e72039801ce8,0,1,,0,[],nsb杭州上海机器学习交流,0,NSBHZSHJQXXJL,nsbhangzhoushanghaijiqixuexijiaoliu,,,,,0,,0,0,1,0,0,@@674d2259a07902eef4f8378743f73bf9142c26eb7c6a8c90e6cbef4bf4990b54,0
53,,0,0,0,,3,,,/cgi-bin/mmwebwx-bin/webwxgetheadimg?seq=681141483&username=@@47950dec07411337d83992fe107e0a1d6d889b226fc8c93cc0be7f99c8137761&skey=@crypt_66beaad_7489847fe7bbe92e5ce6e72039801ce8,0,0,,0,[],"火清云,harry,江沿",0,HQYHARRYJY,huoqingyunharryjiangyan,,,,,0,,0,0,0,0,0,@@47950dec07411337d83992fe107e0a1d6d889b226fc8c93cc0be7f99c8137761,0
54,,0,0,0,,3,,,/cgi-bin/mmwebwx-bin/webwxgetheadimg?seq=640571743&username=@@b6e159c8da4dd07c38627de58b5f99464ac0fb157e94513e7c288939bb229834&skey=@crypt_66beaad_7489847fe7bbe92e5ce6e72039801ce8,0,0,,0,[],摄影大赛浙大MBA交流群,0,SYDSZDMBAJLQ,sheyingdasaizhedaMBAjiaoliuqun,,,,,0,,0,0,0,0,0,@@b6e159c8da4dd07c38627de58b5f99464ac0fb157e94513e7c288939bb229834,0
55,,0,0,0,,3,,,/cgi-bin/mmwebwx-bin/webwxgetheadimg?seq=662198691&username=@@3c14437bfd3f969394dbe50f2e3e0027d128033eaa81788c007f61eef64a8097&skey=@crypt_66beaad_7489847fe7bbe92e5ce6e72039801ce8,0,0,,0,[],蜗牛工坊(Walk the snail),0,WNGFWALKTHESNAIL,woniugongfangWalkthesnail,,,,,0,,0,0,0,0,0,@@3c14437bfd3f969394dbe50f2e3e0027d128033eaa81788c007f61eef64a8097,0
56,,0,0,0,,3,,,/cgi-bin/mmwebwx-bin/webwxgetheadimg?seq=681177554&username=@@13e909a1a18b6259495b81064553c08b899b8611382918f23436d29ef1c047c9&skey=@crypt_66beaad_7489847fe7bbe92e5ce6e72039801ce8,0,0,,0,[],毕业杭州2万-5万补贴群,0,BYHZ2W5WBTQ,biyehangzhou2wan5wanbutiequn,,,,,0,,0,0,0,0,0,@@13e909a1a18b6259495b81064553c08b899b8611382918f23436d29ef1c047c9,0
57,,0,0,0,,3,,,/cgi-bin/mmwebwx-bin/webwxgetheadimg?seq=681178196&username=@@bb3126ab83c0159a6cf591ac09c16ff1c303534c2c4f9a2c68e49d8d58dfb954&skey=@crypt_66beaad_7489847fe7bbe92e5ce6e72039801ce8,0,0,,0,[],Prime友邻,0,PRIMEYL,Primeyoulin,,,,,0,,0,0,0,0,0,@@bb3126ab83c0159a6cf591ac09c16ff1c303534c2c4f9a2c68e49d8d58dfb954,0
58,,0,0,0,,3,,,/cgi-bin/mmwebwx-bin/webwxgetheadimg?seq=680878034&username=@@4560b45074c56e9d73d51846d7d8d4a7f17513beda93b4d1d288cdeda63eb7cc&skey=@crypt_66beaad_7489847fe7bbe92e5ce6e72039801ce8,0,0,,0,[],江南模型基础班,0,JNMXJCB,jiangnamoxingjichuban,,,,,0,,0,0,0,0,0,@@4560b45074c56e9d73d51846d7d8d4a7f17513beda93b4d1d288cdeda63eb7cc,0
59,,0,0,0,,3,,,/cgi-bin/mmwebwx-bin/webwxgetheadimg?seq=663303211&username=@@0a8bd7ce677c8872652981aa08dbba36036cff20fec7ce447cca229cc1afdb1c&skey=@crypt_66beaad_7489847fe7bbe92e5ce6e72039801ce8,0,0,,0,[],111班第四组假日小队,0,111BDSZJRXD,111bandisizujiarixiaodui,,,,,0,,0,0,0,0,0,@@0a8bd7ce677c8872652981aa08dbba36036cff20fec7ce447cca229cc1afdb1c,0
60,,0,0,0,,3,,,/cgi-bin/mmwebwx-bin/webwxgetheadimg?seq=663241483&username=@@b0227821e52ed02142e996f6ec9af7a4504f571245cc62ff1a85b5548cfdb91a&skey=@crypt_66beaad_7489847fe7bbe92e5ce6e72039801ce8,0,0,,0,[],东方郡?江南实验2017新生群,0,DFJ?JNSY2017XSQ,dongfangjun?jiangnashiyan2017xinshengqun,,,,,0,,0,0,0,0,0,@@b0227821e52ed02142e996f6ec9af7a4504f571245cc62ff1a85b5548cfdb91a,0
61,,0,0,0,,3,,,/cgi-bin/mmwebwx-bin/webwxgetheadimg?seq=693351639&username=@@71bb8a080d63c63e23c5f275368ca7da349a1250a10a621cc0521e3a2120ad27&skey=@crypt_66beaad_7489847fe7bbe92e5ce6e72039801ce8,0,0,,0,[],葫芦娃,0,HLW,huluwa,,,,,0,,0,0,1,0,0,@@71bb8a080d63c63e23c5f275368ca7da349a1250a10a621cc0521e3a2120ad27,0
62,,0,0,0,,3,,,/cgi-bin/mmwebwx-bin/webwxgetheadimg?seq=647206224&username=@@b55b7eb5b9b4db24d7957d608e47e6730202b533810cc16e953229f4c993d877&skey=@crypt_66beaad_7489847fe7bbe92e5ce6e72039801ce8,0,0,,0,[],创业市场研究课程群,0,CYSCYJKCQ,chuangyeshichangyanjiukechengqun,,,,,0,,0,0,0,0,0,@@b55b7eb5b9b4db24d7957d608e47e6730202b533810cc16e953229f4c993d877,0
63,,0,0,0,,3,,,/cgi-bin/mmwebwx-bin/webwxgetheadimg?seq=663243914&username=@@35c840b770e48f065acf8749584847e5ac5b4c6e8ff0782ceea4db930bbf864d&skey=@crypt_66beaad_7489847fe7bbe92e5ce6e72039801ce8,0,0,,0,[],证券监管与法规,0,ZQJGYFG,zhengquanjianguanyufagui,,,,,0,,0,0,0,0,0,@@35c840b770e48f065acf8749584847e5ac5b4c6e8ff0782ceea4db930bbf864d,0
64,,0,0,0,,3,,,/cgi-bin/mmwebwx-bin/webwxgetheadimg?seq=693369725&username=@@5b477dbb376f19c25b6cdcb66a70fc3faecabd1d35daedac5d0511d5fb3332df&skey=@crypt_66beaad_7489847fe7bbe92e5ce6e72039801ce8,0,0,,0,[],年会LT节目组,0,NHLTJMZ,nianhuiLTjiemuzu,,,,,0,,0,0,1,0,0,@@5b477dbb376f19c25b6cdcb66a70fc3faecabd1d35daedac5d0511d5fb3332df,0
65,,0,0,0,,3,,,/cgi-bin/mmwebwx-bin/webwxgetheadimg?seq=663168160&username=@@4495cd9309ea9f01ea8dc9f9c6ff0fbfc13f2dbade3dd43f7d42277acb0b9cfb&skey=@crypt_66beaad_7489847fe7bbe92e5ce6e72039801ce8,0,0,,0,[],初三四班,0,CSSB,chusansiban,,,,,0,,0,0,0,0,0,@@4495cd9309ea9f01ea8dc9f9c6ff0fbfc13f2dbade3dd43f7d42277acb0b9cfb,0
66,,0,0,0,,3,,,/cgi-bin/mmwebwx-bin/webwxgetheadimg?seq=693383706&username=@@a5d5aa339c5d40f5b05fce03e95091479d16eec5791cd9f35653870ae766959d&skey=@crypt_66beaad_7489847fe7bbe92e5ce6e72039801ce8,0,1,,0,[],nokia股神群,0,NOKIAGSQ,nokiagushenqun,,,,,0,,0,0,1,0,0,@@a5d5aa339c5d40f5b05fce03e95091479d16eec5791cd9f35653870ae766959d,0
67,,0,0,0,,3,,,/cgi-bin/mmwebwx-bin/webwxgetheadimg?seq=680957029&username=@@6fea7cdc47a9cc423b3dd1a0b2aefa56a461c895c34476f2c792bfb1de823e9c&skey=@crypt_66beaad_7489847fe7bbe92e5ce6e72039801ce8,0,1,,0,[],machine learning HZTC project,0,MACHINELEARNINGHZTCPROJECT,machinelearningHZTCproject,,,,,0,,0,0,1,0,0,@@6fea7cdc47a9cc423b3dd1a0b2aefa56a461c895c34476f2c792bfb1de823e9c,0
68,,0,0,0,,3,,,/cgi-bin/mmwebwx-bin/webwxgetheadimg?seq=693428260&username=@@c22abeb7bbe787b55e5ed1f39835086b50b327a7aac3279e08445b0f41a4ee90&skey=@crypt_66beaad_7489847fe7bbe92e5ce6e72039801ce8,0,0,,0,[],stock market investment,0,STOCKMARKETINVESTMENT,stockmarketinvestment,,,,,0,,0,0,0,0,0,@@c22abeb7bbe787b55e5ed1f39835086b50b327a7aac3279e08445b0f41a4ee90,0
69,,0,0,0,,3,,,/cgi-bin/mmwebwx-bin/webwxgetheadimg?seq=693409605&username=@@6d72c20cbef051b56889366d747fd8255e587558b8d5bebeef0c7060ce15b362&skey=@crypt_66beaad_7489847fe7bbe92e5ce6e72039801ce8,0,0,,0,[],捡漏的股民…交流学习,0,JLDGMJLXX,jianloudeguminjiaoliuxuexi,,,,,0,,0,0,0,0,0,@@6d72c20cbef051b56889366d747fd8255e587558b8d5bebeef0c7060ce15b362,0
70,,0,0,0,,3,,,/cgi-bin/mmwebwx-bin/webwxgetheadimg?seq=681170057&username=@@961dbd71d736c3aa00f11ee64b7e7e656c82ed1820060085b34a2516a81d197c&skey=@crypt_66beaad_7489847fe7bbe92e5ce6e72039801ce8,0,1,,0,[],和诚能源水表项目,0,HCNYSBXM,hechengnengyuanshuibiaoxiangmu,,,,,0,,0,0,1,0,0,@@961dbd71d736c3aa00f11ee64b7e7e656c82ed1820060085b34a2516a81d197c,0
71,,0,0,0,,3,,,/cgi-bin/mmwebwx-bin/webwxgetheadimg?seq=693452399&username=@@f27066ce1de20d1786bfaa0822f3714971816493fa2e7d1580750bcf3568edb0&skey=@crypt_66beaad_7489847fe7bbe92e5ce6e72039801ce8,0,0,,0,[],丝绸小群7.6-7.13,0,SCXQ76713,sichouxiaoqun76713,,,,,0,,0,0,1,0,0,@@f27066ce1de20d1786bfaa0822f3714971816493fa2e7d1580750bcf3568edb0,0
72,,0,0,0,,3,,,/cgi-bin/mmwebwx-bin/webwxgetheadimg?seq=680970330&username=@@5f46127272a766ed21ac34e4fac14230e7f0a2815601ced3a1948ff34f400ae3&skey=@crypt_66beaad_7489847fe7bbe92e5ce6e72039801ce8,0,0,,0,[],蓝星区块链合格投资人预备-浙大,0,LXOKLHGTZRYBZD,lanxingoukuailianhegetouzirenyubeizheda,,,,,0,,0,0,0,0,0,@@5f46127272a766ed21ac34e4fac14230e7f0a2815601ced3a1948ff34f400ae3,0
73,,0,0,0,,3,,,/cgi-bin/mmwebwx-bin/webwxgetheadimg?seq=647397587&username=@@9a0871db4d22d0d9fbf1ecb8280b20b09a5fbf20784f5f2d422ff2dc792f396a&skey=@crypt_66beaad_7489847fe7bbe92e5ce6e72039801ce8,0,1,,0,[],诺基亚参访活动,0,NJYCFHD,nuojiyacanfanghuodong,,,,,0,,0,0,0,0,0,@@9a0871db4d22d0d9fbf1ecb8280b20b09a5fbf20784f5f2d422ff2dc792f396a,0
74,,0,0,0,,3,,,/cgi-bin/mmwebwx-bin/webwxgetheadimg?seq=693475038&username=@@7a2b252f41fd4bdcbf8d15d11c0a22809946abbeefad69985ef17f11e16a0ec6&skey=@crypt_66beaad_7489847fe7bbe92e5ce6e72039801ce8,0,0,,0,[],诺基亚好邻居,0,NJYHLJ,nuojiyahaolinju,,,,,0,,0,0,0,0,0,@@7a2b252f41fd4bdcbf8d15d11c0a22809946abbeefad69985ef17f11e16a0ec6,0
75,,0,0,0,,2051,,,/cgi-bin/mmwebwx-bin/webwxgetheadimg?seq=663288148&username=@@7c9850a00d0115647f848295510e598b5243cbdc4ea065d493f1faf89bb2a42b&skey=@crypt_66beaad_7489847fe7bbe92e5ce6e72039801ce8,0,1,,0,[],量化技术讨论,0,LHJSTL,lianghuajishutaolun,,,,,0,,0,0,0,0,0,@@7c9850a00d0115647f848295510e598b5243cbdc4ea065d493f1faf89bb2a42b,0
76,,0,0,0,,2051,,,/cgi-bin/mmwebwx-bin/webwxgetheadimg?seq=693480866&username=@@0d00c89fa97cf859a025752dc8df18a2d7d97ba5b7fdd6d6e6bd1aeec7e522cc&skey=@crypt_66beaad_7489847fe7bbe92e5ce6e72039801ce8,0,1,,0,[],量化策略讨论,0,LHCLTL,lianghuacelvetaolun,,,,,0,,0,0,1,0,0,@@0d00c89fa97cf859a025752dc8df18a2d7d97ba5b7fdd6d6e6bd1aeec7e522cc,0
77,,0,0,0,,3,,,/cgi-bin/mmwebwx-bin/webwxgetheadimg?seq=679110109&username=@@6b3388f77a7eb9b2be30d0b69d61e12e7343866090ab0a2ee2ceb93b7578d110&skey=@crypt_66beaad_7489847fe7bbe92e5ce6e72039801ce8,0,0,,0,[],创意贴画（112教室）,0,CYTH112JS,chuangyitiehua112jiaoshi,,,,,0,,0,0,0,0,0,@@6b3388f77a7eb9b2be30d0b69d61e12e7343866090ab0a2ee2ceb93b7578d110,0
78,,0,0,0,,3,,,/cgi-bin/mmwebwx-bin/webwxgetheadimg?seq=693488419&username=@@f3408ef029a1a361c00f5aa428651cc16531742bf0cd1e85fd92bbacdce28784&skey=@crypt_66beaad_7489847fe7bbe92e5ce6e72039801ce8,0,0,,0,[],学军小学91届,0,XJXX91J,xuejunxiaoxue91jie,,,,,0,,0,0,0,0,0,@@f3408ef029a1a361c00f5aa428651cc16531742bf0cd1e85fd92bbacdce28784,0
79,,0,0,0,,3,,,/cgi-bin/mmwebwx-bin/webwxgetheadimg?seq=637120485&username=@@064c24030dff4200f8e9eef148fd28661dec3533e9d145d607e1eb83e8989bd1&skey=@crypt_66beaad_7489847fe7bbe92e5ce6e72039801ce8,0,0,,0,[],浙大2015MBA创业交流,0,ZD2015MBACYJL,zheda2015MBAchuangyejiaoliu,,,,,0,,0,0,0,0,0,@@064c24030dff4200f8e9eef148fd28661dec3533e9d145d607e1eb83e8989bd1,0
80,,0,0,0,,3,,,/cgi-bin/mmwebwx-bin/webwxgetheadimg?seq=693510980&username=@@3bec3e9945e191652d8df80585f34024fdce16b3eff47717636449bc84294879&skey=@crypt_66beaad_7489847fe7bbe92e5ce6e72039801ce8,0,0,,0,[],哈瑞芳总量化群,0,HRFZLHQ,haruifangzonglianghuaqun,,,,,0,,0,0,0,0,0,@@3bec3e9945e191652d8df80585f34024fdce16b3eff47717636449bc84294879,0
81,,0,0,0,,3,,,/cgi-bin/mmwebwx-bin/webwxgetheadimg?seq=624780759&username=@@5f3bca72b6020381f138e626948b08875e0a54daa1dc48603fbf4f155d8c53ff&skey=@crypt_66beaad_7489847fe7bbe92e5ce6e72039801ce8,0,1,,0,[],Nokia聊天群,0,NOKIALTQ,Nokialiaotianqun,,,,,0,,0,0,0,0,0,@@5f3bca72b6020381f138e626948b08875e0a54daa1dc48603fbf4f155d8c53ff,0
82,,0,0,0,,3,,,/cgi-bin/mmwebwx-bin/webwxgetheadimg?seq=693456817&username=@@97ed28f9809b3a8ebdab1c365d2066d7fd919494941440c59240f4655d5be7c5&skey=@crypt_66beaad_7489847fe7bbe92e5ce6e72039801ce8,0,0,,0,[],CRAN CF Hangzhou LT,0,CRANCFHANGZHOULT,CRANCFHangzhouLT,,,,,0,,0,0,0,0,0,@@97ed28f9809b3a8ebdab1c365d2066d7fd919494941440c59240f4655d5be7c5,0
83,,0,0,0,,3,,,/cgi-bin/mmwebwx-bin/webwxgetheadimg?seq=681146351&username=@@7248037cb8544c74d2f8d9deaec787c4d89c1c7e3690f94f3a4d90adaca145a5&skey=@crypt_66beaad_7489847fe7bbe92e5ce6e72039801ce8,0,0,,0,[],浙大创业校友群（永谦）,0,ZDCYXYQYQ,zhedachuangyexiaoyouqunyongqian,,,,,0,,0,0,0,0,0,@@7248037cb8544c74d2f8d9deaec787c4d89c1c7e3690f94f3a4d90adaca145a5,0
84,,0,0,0,,3,,,/cgi-bin/mmwebwx-bin/webwxgetheadimg?seq=663235030&username=@@05111ce1f06ce4e923ecb5a44c011ca2821543e81577f2412b8220b948f4d9b6&skey=@crypt_66beaad_7489847fe7bbe92e5ce6e72039801ce8,0,0,,0,[],一年级沙画课,0,YNJSHK,yinianjishahuake,,,,,0,,0,0,0,0,0,@@05111ce1f06ce4e923ecb5a44c011ca2821543e81577f2412b8220b948f4d9b6,0
85,,0,0,0,,3,,,/cgi-bin/mmwebwx-bin/webwxgetheadimg?seq=680946647&username=@@14cdca272c9ef539506dc8becc0361c8251399f494a16dac9538cd009dfece68&skey=@crypt_66beaad_7489847fe7bbe92e5ce6e72039801ce8,0,0,,0,[],机器学习专场1-Nokia,0,JQXXZC1NOKIA,jiqixuexizhuanchang1Nokia,,,,,0,,0,0,1,0,0,@@14cdca272c9ef539506dc8becc0361c8251399f494a16dac9538cd009dfece68,0
86,,0,0,0,,3,,,/cgi-bin/mmwebwx-bin/webwxgetheadimg?seq=693562310&username=@@f956c70140c3f4130231615d4e0f07950811ce6628fa488a8c533d207d46d7e6&skey=@crypt_66beaad_7489847fe7bbe92e5ce6e72039801ce8,0,0,,0,[],CRAN RCP HV LT,0,CRANRCPHVLT,CRANRCPHVLT,,,,,0,,0,0,0,0,0,@@f956c70140c3f4130231615d4e0f07950811ce6628fa488a8c533d207d46d7e6,0
87,,0,0,0,,3,,,/cgi-bin/mmwebwx-bin/webwxgetheadimg?seq=680951447&username=@@50190be661dbc03e8e7224dce1423e4247abfead7ee80b26fe922c250cea07b8&skey=@crypt_66beaad_7489847fe7bbe92e5ce6e72039801ce8,0,0,,0,[],4.29pnp浙大站投资人群,0,429PNPZDZTZRQ,429pnpzhedazhantouzirenqun,,,,,0,,0,0,0,0,0,@@50190be661dbc03e8e7224dce1423e4247abfead7ee80b26fe922c250cea07b8,0
88,,0,0,0,,3,,,/cgi-bin/mmwebwx-bin/webwxgetheadimg?seq=693575299&username=@@67da13a9716e37152bbcb9cdd765747e92f925eb4d1272e549df0bf39c4a1921&skey=@crypt_66beaad_7489847fe7bbe92e5ce6e72039801ce8,0,1,,0,[],atf squad group16,0,ATFSQUADGROUP16,atfsquadgroup16,,,,,0,,0,0,1,0,0,@@67da13a9716e37152bbcb9cdd765747e92f925eb4d1272e549df0bf39c4a1921,0
89,,0,0,0,,3,,,/cgi-bin/mmwebwx-bin/webwxgetheadimg?seq=693578444&username=@@d4252f5a8b55f402d0e60ced65a9028a7558be0b26487f7d4dd00c9a5bb1bb33&skey=@crypt_66beaad_7489847fe7bbe92e5ce6e72039801ce8,0,0,,0,[],BAIC公链开发2群,0,BAICGLKF2Q,BAICgongliankaifa2qun,,,,,0,,0,0,0,0,0,@@d4252f5a8b55f402d0e60ced65a9028a7558be0b26487f7d4dd00c9a5bb1bb33,0
90,,0,0,0,,3,,,/cgi-bin/mmwebwx-bin/webwxgetheadimg?seq=663319313&username=@@1a7e2a3e225c7c6f97e127a5b71c7b60a43cd96f13c438b01f2fa6afe91443a3&skey=@crypt_66beaad_7489847fe7bbe92e5ce6e72039801ce8,0,0,,0,[],东方郡大2班（2017）,0,DFJD2B2017,dongfangjunda2ban2017,,,,,0,,0,0,0,0,0,@@1a7e2a3e225c7c6f97e127a5b71c7b60a43cd96f13c438b01f2fa6afe91443a3,0
91,,0,0,0,,2051,,,/cgi-bin/mmwebwx-bin/webwxgetheadimg?seq=663357381&username=@@17f32c6f405d71690073ad8d133b80601b1d355ac7718b34c9ee38ab37e895bb&skey=@crypt_66beaad_7489847fe7bbe92e5ce6e72039801ce8,0,0,,0,[],饭团2018,0,FT2018,fantuan2018,,,,,0,,0,0,1,0,0,@@17f32c6f405d71690073ad8d133b80601b1d355ac7718b34c9ee38ab37e895bb,0
92,,0,0,0,,3,,,/cgi-bin/mmwebwx-bin/webwxgetheadimg?seq=693602943&username=@@319157ed8bf5cf99a1c85aa320ab7f0b683a6a37b5ea3425b18c9823c54734ec&skey=@crypt_66beaad_7489847fe7bbe92e5ce6e72039801ce8,0,1,,0,[],mba2015路边社,0,MBA2015LBS,mba2015lubianshe,,,,,0,,0,0,0,0,0,@@319157ed8bf5cf99a1c85aa320ab7f0b683a6a37b5ea3425b18c9823c54734ec,0
93,,0,0,0,,3,,,/cgi-bin/mmwebwx-bin/webwxgetheadimg?seq=693609813&username=@@0cbf269e72c191d4d96c9a90d7c239d2499445984cc108ea471d7711ecc13b4b&skey=@crypt_66beaad_7489847fe7bbe92e5ce6e72039801ce8,0,0,,0,[],网易卡搭・趣味乐高搭建课 11班,0,WYKDQWYGDJK11B,wangyikadaquweiyuegaodajianke11ban,,,,,0,,0,0,0,0,0,@@0cbf269e72c191d4d96c9a90d7c239d2499445984cc108ea471d7711ecc13b4b,0
94,,0,0,0,,3,,,/cgi-bin/mmwebwx-bin/webwxgetheadimg?seq=693611647&username=@@df43442805b5f57d3adda5485874701b695a07f3d56c322e68ceeed03803028a&skey=@crypt_66beaad_7489847fe7bbe92e5ce6e72039801ce8,0,0,,0,[],10.29 管院龙舟赛校友队,0,1029GYLZSXYD,1029guanyuanlongzhousaixiaoyoudui,,,,,0,,0,0,0,0,0,@@df43442805b5f57d3adda5485874701b695a07f3d56c322e68ceeed03803028a,0
95,,0,0,0,,3,,,/cgi-bin/mmwebwx-bin/webwxgetheadimg?seq=693616823&username=@@af79a0568ea606baa683fc139aac9eeed47bc5d2440c142341b6c5c76d9390d9&skey=@crypt_66beaad_7489847fe7bbe92e5ce6e72039801ce8,0,0,,0,[],【2019春季5月杭州站】机器人等级备,0,2019CJ5YHZZJQRDJB,2019chunji5yuehangzhouzhanjiqirendengjibei,,,,,0,,0,0,0,0,0,@@af79a0568ea606baa683fc139aac9eeed47bc5d2440c142341b6c5c76d9390d9,0
96,,0,0,0,,3,,,/cgi-bin/mmwebwx-bin/webwxgetheadimg?seq=693625691&username=@@4e90e3808f6d6c2746c57df500a95504f1a3e0c1c8fa903e9280bb68cd7f8f35&skey=@crypt_66beaad_7489847fe7bbe92e5ce6e72039801ce8,0,0,,0,[],杭州GDG大本营,0,HZGDGDBY,hangzhouGDGdabenying,,,,,0,,0,0,0,0,0,@@4e90e3808f6d6c2746c57df500a95504f1a3e0c1c8fa903e9280bb68cd7f8f35,0
97,,0,0,0,,3,,,/cgi-bin/mmwebwx-bin/webwxgetheadimg?seq=693628231&username=@@04816fcda184baa78a03125f84af9652cb533ef3e61f4c0a6cb145b8f521821b&skey=@crypt_66beaad_7489847fe7bbe92e5ce6e72039801ce8,0,0,,0,[],浙大MBA－资本市场俱乐部,0,ZDMBAZBSCJYB,zhedaMBAzibenshichangjuyuebu,,,,,0,,0,0,0,0,0,@@04816fcda184baa78a03125f84af9652cb533ef3e61f4c0a6cb145b8f521821b,0
98,,0,0,0,,3,,,/cgi-bin/mmwebwx-bin/webwxgetheadimg?seq=693628232&username=@@73abc99494b06a655af5c9a5fa2317dc05e4834a6b5a7f11d2d1314a68d707c5&skey=@crypt_66beaad_7489847fe7bbe92e5ce6e72039801ce8,0,0,,0,[],2017夏财务分析与价值管理,0,2017XCWFXYJZGL,2017xiacaiwufenxiyujiazhiguanli,,,,,0,,0,0,0,0,0,@@73abc99494b06a655af5c9a5fa2317dc05e4834a6b5a7f11d2d1314a68d707c5,0
99,,0,0,0,,3,,,/cgi-bin/mmwebwx-bin/webwxgetheadimg?seq=693629469&username=@@3e1d0f15b43b68bec5fa03a1fd7fa9e356ce244ec9945e58c33807855daf2ded&skey=@crypt_66beaad_7489847fe7bbe92e5ce6e72039801ce8,0,0,,0,[],【自然之友科技博纳财务群】,0,ZRZYKJBNCWQ,ziranzhiyoukejibonacaiwuqun,,,,,0,,0,0,1,0,0,@@3e1d0f15b43b68bec5fa03a1fd7fa9e356ce244ec9945e58c33807855daf2ded,0
100,,0,0,0,,3,,,/cgi-bin/mmwebwx-bin/webwxgetheadimg?seq=693629623&username=@@667344ec1e149880afc645bfef28dd4c3c45b07a241f6554bc15ad6a76398f8e&skey=@crypt_66beaad_7489847fe7bbe92e5ce6e72039801ce8,0,0,,0,[],511上交所参访,0,511SJSCF,511shangjiaosuocanfang,,,,,0,,0,0,0,0,0,@@667344ec1e149880afc645bfef28dd4c3c45b07a241f6554bc15ad6a76398f8e,0
101,,0,0,0,,3,,,/cgi-bin/mmwebwx-bin/webwxgetheadimg?seq=663162043&username=@@76de77451b780e22315a89665f5b86b334ba782d5804fb28f46b9d53ea08dafc&skey=@crypt_66beaad_7489847fe7bbe92e5ce6e72039801ce8,0,0,,0,[],江南实验2017新生群,0,JNSY2017XSQ,jiangnashiyan2017xinshengqun,,,,,0,,0,0,0,0,0,@@76de77451b780e22315a89665f5b86b334ba782d5804fb28f46b9d53ea08dafc,0
102,,0,0,0,,3,,,/cgi-bin/mmwebwx-bin/webwxgetheadimg?seq=693643024&username=@@1356ae100d5de0e91d1214e397285c77a70656651607f34a0774338c8688c029&skey=@crypt_66beaad_7489847fe7bbe92e5ce6e72039801ce8,0,0,,0,[],新三板智库杯-浙大MBA,0,XSBZKBZDMBA,xinsanbanzhikubeizhedaMBA,,,,,0,,0,0,0,0,0,@@1356ae100d5de0e91d1214e397285c77a70656651607f34a0774338c8688c029,0
103,,0,0,0,,3,,,/cgi-bin/mmwebwx-bin/webwxgetheadimg?seq=693644360&username=@@07fbfa733f51841a036837ba0b7daa5e0836cb4573b42114072a81b5bbab7747&skey=@crypt_66beaad_7489847fe7bbe92e5ce6e72039801ce8,0,0,,0,[],为商通说讨论群,0,WSTSTLQ,weishangtongshuotaolunqun,,,,,0,,0,0,0,0,0,@@07fbfa733f51841a036837ba0b7daa5e0836cb4573b42114072a81b5bbab7747,0
104,,0,0,0,,3,,,/cgi-bin/mmwebwx-bin/webwxgetheadimg?seq=693643023&username=@@e408d156cc1399fd5d821eab6f06f2cc795e79229f28fba29914eb819863e48e&skey=@crypt_66beaad_7489847fe7bbe92e5ce6e72039801ce8,0,0,,0,[],浙大15级MBA同学群,0,ZD15JMBATXQ,zheda15jiMBAtongxuequn,,,,,0,,0,0,0,0,0,@@e408d156cc1399fd5d821eab6f06f2cc795e79229f28fba29914eb819863e48e,0
105,,0,0,0,,3,,,/cgi-bin/mmwebwx-bin/webwxgetheadimg?seq=647391049&username=@@ad5625b882542159e2fcab7cc71f9ff23ab3fba72e2a260ad377146c89e6bd3c&skey=@crypt_66beaad_7489847fe7bbe92e5ce6e72039801ce8,0,0,,0,[],浙大滨江团,0,ZDBJT,zhedabinjiangtuan,,,,,0,,0,0,0,0,0,@@ad5625b882542159e2fcab7cc71f9ff23ab3fba72e2a260ad377146c89e6bd3c,0
106,,0,0,0,,3,,,/cgi-bin/mmwebwx-bin/webwxgetheadimg?seq=693661480&username=@@4655cc38e8940dc3d04c41d66bb896f2e937ed85938ad7fe56ba8337bf87c52e&skey=@crypt_66beaad_7489847fe7bbe92e5ce6e72039801ce8,0,0,,0,[],玩物星球周六13：10BE2班级群1815,0,WWXQZL1310BE2BJQ1815,wanwuxingqiuzhouliu1310BE2banjiqun1815,,,,,0,,0,0,0,0,0,@@4655cc38e8940dc3d04c41d66bb896f2e937ed85938ad7fe56ba8337bf87c52e,0
107,,0,0,0,,3,,,/cgi-bin/mmwebwx-bin/webwxgetheadimg?seq=693662942&username=@@2e187961cc88a3e7d4f099f2ce31337e562a8a6adf6b93ca35644cc113c203fa&skey=@crypt_66beaad_7489847fe7bbe92e5ce6e72039801ce8,0,0,,0,[],老友会,0,LYH,laoyouhui,,,,,0,,0,0,0,0,0,@@2e187961cc88a3e7d4f099f2ce31337e562a8a6adf6b93ca35644cc113c203fa,0
108,,0,0,0,,3,,,/cgi-bin/mmwebwx-bin/webwxgetheadimg?seq=693662944&username=@@20e2e6fd612ec467bfc4266f1cd07ba902a79ba11781dd7a9502794e6d7ff591&skey=@crypt_66beaad_7489847fe7bbe92e5ce6e72039801ce8,0,0,,0,[],1112西溪天堂,0,1112XXTT,1112xixitiantang,,,,,0,,0,0,0,0,0,@@20e2e6fd612ec467bfc4266f1cd07ba902a79ba11781dd7a9502794e6d7ff591,0
109,,0,0,0,,3,,,/cgi-bin/mmwebwx-bin/webwxgetheadimg?seq=693635919&username=@@be4c6441f08ee21f28af4d19ae7c4ca9c2c4ae5da47e10033b8344f2c96b747b&skey=@crypt_66beaad_7489847fe7bbe92e5ce6e72039801ce8,0,1,,0,[],2019技术嘉年华讲师群-机器学习,0,2019JSJNHJSQJQXX,2019jishujianianhuajiangshiqunjiqixuexi,,,,,0,,0,0,1,0,0,@@be4c6441f08ee21f28af4d19ae7c4ca9c2c4ae5da47e10033b8344f2c96b747b,0
110,,0,0,0,,3,,,/cgi-bin/mmwebwx-bin/webwxgetheadimg?seq=693641069&username=@@141e5cdbfbab67f1ccf00319e3b1750db51cc30ff584baad483732782f0c883e&skey=@crypt_66beaad_7489847fe7bbe92e5ce6e72039801ce8,0,0,,0,[],东方郡业主议事5群,0,DFJYZYS5Q,dongfangjunyezhuyishi5qun,,,,,0,,0,0,0,0,0,@@141e5cdbfbab67f1ccf00319e3b1750db51cc30ff584baad483732782f0c883e,0
111,,0,0,0,,3,,,/cgi-bin/mmwebwx-bin/webwxgetheadimg?seq=663093436&username=@@0889ac7d0dcd3ed936c4b66f278ba0dc5c2205c4c1c6347f621cab7557da0777&skey=@crypt_66beaad_7489847fe7bbe92e5ce6e72039801ce8,0,0,,0,[],钱江湾大二班,0,QJWDEB,qianjiangwandaerban,,,,,0,,0,0,0,0,0,@@0889ac7d0dcd3ed936c4b66f278ba0dc5c2205c4c1c6347f621cab7557da0777,0
112,,0,0,0,,3,,,/cgi-bin/mmwebwx-bin/webwxgetheadimg?seq=693631605&username=@@fc10d08dacfb98906a3b04695998ae31c8356a36ffd13f155074e916a2602ea4&skey=@crypt_66beaad_7489847fe7bbe92e5ce6e72039801ce8,0,0,,0,[],【飞】浙大MBA跨届校友群,0,FZDMBAKJXYQ,feizhedaMBAkuajiexiaoyouqun,,,,,0,,0,0,0,0,0,@@fc10d08dacfb98906a3b04695998ae31c8356a36ffd13f155074e916a2602ea4,0
113,,0,0,0,,3,,,/cgi-bin/mmwebwx-bin/webwxgetheadimg?seq=693645670&username=@@b725dfe337c17c98835313b6e2dd1faaac55a88096550a41d62f228b14c68d41&skey=@crypt_66beaad_7489847fe7bbe92e5ce6e72039801ce8,0,0,,0,[],Jenkins X交流群,0,JENKINSXJLQ,JenkinsXjiaoliuqun,,,,,0,,0,0,0,0,0,@@b725dfe337c17c98835313b6e2dd1faaac55a88096550a41d62f228b14c68d41,0
114,,0,0,0,,3,,,/cgi-bin/mmwebwx-bin/webwxgetheadimg?seq=693665678&username=@@980edb126eeb123c5da7f06ceef98ba3976441a4fb2d2e4c1b6a407506c6da84&skey=@crypt_66beaad_7489847fe7bbe92e5ce6e72039801ce8,0,0,,0,[],知乎答主交流群,0,ZHDZJLQ,zhihudazhujiaoliuqun,,,,,0,,0,0,0,0,0,@@980edb126eeb123c5da7f06ceef98ba3976441a4fb2d2e4c1b6a407506c6da84,0
115,,0,0,0,,3,,,/cgi-bin/mmwebwx-bin/webwxgetheadimg?seq=693434389&username=@@5e6549bc52f31757de7ae5c8799f360407a769c6907f49d7f001f2c0abcebef7&skey=@crypt_66beaad_7489847fe7bbe92e5ce6e72039801ce8,0,0,,0,[],润育体育滨江威度球馆家长群,0,RYTYBJWDQGJCQ,runyutiyubinjiangweiduqiuguanjiachangqun,,,,,0,,0,0,0,0,0,@@5e6549bc52f31757de7ae5c8799f360407a769c6907f49d7f001f2c0abcebef7,0
116,,0,0,0,,3,,,/cgi-bin/mmwebwx-bin/webwxgetheadimg?seq=693669007&username=@@2f49e292e45d7803888c3cb805f244ef47abc38d8163f75d9c55385a9b59ce1e&skey=@crypt_66beaad_7489847fe7bbe92e5ce6e72039801ce8,0,0,,0,[],浙大15MBA-1班,0,ZD15MBA1B,zheda15MBA1ban,,,,,0,,0,0,0,0,0,@@2f49e292e45d7803888c3cb805f244ef47abc38d8163f75d9c55385a9b59ce1e,0
117,,0,0,0,,3,,,/cgi-bin/mmwebwx-bin/webwxgetheadimg?seq=693653621&username=@@1e627851c14e3f734547e9810e94930f567df4e2dec2380dda9a734acde192f6&skey=@crypt_66beaad_7489847fe7bbe92e5ce6e72039801ce8,0,0,,0,[],DevOps小伙伴们,0,DEVOPSXHBM,DevOpsxiaohuobanmen,,,,,0,,0,0,0,0,0,@@1e627851c14e3f734547e9810e94930f567df4e2dec2380dda9a734acde192f6,0
118,,0,0,0,,3,,,/cgi-bin/mmwebwx-bin/webwxgetheadimg?seq=693671598&username=@@3a226f8b348e9908e52e0d44d9a137b4fab81cad495ae64e6476b814d89e5905&skey=@crypt_66beaad_7489847fe7bbe92e5ce6e72039801ce8,0,0,,0,[],江南311班,0,JN311B,jiangna311ban,,,,,0,,0,0,0,0,0,@@3a226f8b348e9908e52e0d44d9a137b4fab81cad495ae64e6476b814d89e5905,0
119,,0,0,0,,3,,,/cgi-bin/mmwebwx-bin/webwxgetheadimg?seq=693634856&username=@@807a20224f6f9f0aa6a42ca7de22908c1a0fb71917b7d92f0e934db877d6ef56&skey=@crypt_66beaad_7489847fe7bbe92e5ce6e72039801ce8,0,0,,0,[],HetRAN SW3 family,0,HETRANSW3FAMILY,HetRANSW3family,,,,,0,,0,0,0,0,0,@@807a20224f6f9f0aa6a42ca7de22908c1a0fb71917b7d92f0e934db877d6ef56,0
120,,0,0,0,,3,,,/cgi-bin/mmwebwx-bin/webwxgetheadimg?seq=693434918&username=@@3ac50ee91b484fb9acd97ab94b15be97f933d01bc630f26712b2d1a7c0e42fa0&skey=@crypt_66beaad_7489847fe7bbe92e5ce6e72039801ce8,0,0,,0,[],Boot Camp Stop &amp; Fight,0,BOOTCAMPSTOPAMPFIGHT,BootCampStopampFight,,,,,0,,0,0,0,0,0,@@3ac50ee91b484fb9acd97ab94b15be97f933d01bc630f26712b2d1a7c0e42fa0,0
121,,0,0,0,,3,,,/cgi-bin/mmwebwx-bin/webwxgetheadimg?seq=693673767&username=@@0e3d1343417d1bab456ad88ebee8986a8eba4d71743151b09999dec029726452&skey=@crypt_66beaad_7489847fe7bbe92e5ce6e72039801ce8,0,0,,0,[],97届学军年级群,0,97JXJNJQ,97jiexuejunnianjiqun,,,,,0,,0,0,0,0,0,@@0e3d1343417d1bab456ad88ebee8986a8eba4d71743151b09999dec029726452,0
122,,0,0,0,,3,,,/cgi-bin/mmwebwx-bin/webwxgetheadimg?seq=663268024&username=@@f0b59d05690873d954869b68091525b4f1c8fce50335e680bdb047cc1d22f6f5&skey=@crypt_66beaad_7489847fe7bbe92e5ce6e72039801ce8,0,0,,0,[],饭饭团,0,FFT,fanfantuan,,,,,0,,0,0,0,0,0,@@f0b59d05690873d954869b68091525b4f1c8fce50335e680bdb047cc1d22f6f5,0
123,,0,0,0,,3,,,/cgi-bin/mmwebwx-bin/webwxgetheadimg?seq=681103355&username=@@c31a03e071e8326c63f70a50efe2affebbe94e6216088bc89174985c5bc6a74d&skey=@crypt_66beaad_7489847fe7bbe92e5ce6e72039801ce8,0,0,,0,[],浙大MBA2015官方群,0,ZDMBA2015GFQ,zhedaMBA2015guanfangqun,,,,,0,,0,0,0,0,0,@@c31a03e071e8326c63f70a50efe2affebbe94e6216088bc89174985c5bc6a74d,0
124,,0,0,0,,3,,,/cgi-bin/mmwebwx-bin/webwxgetheadimg?seq=693676869&username=@@3e57439b7d34e620a483fbba0edc13b8947d8d1da6769b49b1f3dfc9b3e7a897&skey=@crypt_66beaad_7489847fe7bbe92e5ce6e72039801ce8,0,0,,0,[],1119 JUC 主会场,0,1119JUCZHC,1119JUCzhuhuichang,,,,,0,,0,0,0,0,0,@@3e57439b7d34e620a483fbba0edc13b8947d8d1da6769b49b1f3dfc9b3e7a897,0
125,,0,0,0,,3,,,/cgi-bin/mmwebwx-bin/webwxgetheadimg?seq=693678992&username=@@305ff1ebfa664290227735cdc2515d9776730f7e70ba0efa7e7549984e81728e&skey=@crypt_66beaad_7489847fe7bbe92e5ce6e72039801ce8,0,0,,0,[],Hangzhou Python社区大本营,0,HANGZHOUPYTHONSODBY,HangzhouPythonsheoudabenying,,,,,0,,0,0,0,0,0,@@305ff1ebfa664290227735cdc2515d9776730f7e70ba0efa7e7549984e81728e,0
126,,0,0,0,,3,,,/cgi-bin/mmwebwx-bin/webwxgetheadimg?seq=693664226&username=@@a7242f8eeb778ea1e6d44a219983b3afb564f0c8b5ceb31b81b7b5f3563c04d6&skey=@crypt_66beaad_7489847fe7bbe92e5ce6e72039801ce8,0,0,,0,[],江南311班家长群,0,JN311BJCQ,jiangna311banjiachangqun,,,,,0,,0,0,0,0,0,@@a7242f8eeb778ea1e6d44a219983b3afb564f0c8b5ceb31b81b7b5f3563c04d6,0
127,,0,0,0,,3,,,/cgi-bin/mmwebwx-bin/webwxgetheadimg?seq=693669413&username=@@cbd37c60a61bc3795c0ba59c284d57ba910b2b09b2f885eec7b486d816b5b27d&skey=@crypt_66beaad_7489847fe7bbe92e5ce6e72039801ce8,0,0,,0,[],造型能力提升班周五18:30-20:00,0,ZXNLDSBZW18302000,zaoxingnenglidishengbanzhouwu18302000,,,,,0,,0,0,0,0,0,@@cbd37c60a61bc3795c0ba59c284d57ba910b2b09b2f885eec7b486d816b5b27d,0
128,,0,0,0,,3,,,/cgi-bin/mmwebwx-bin/webwxgetheadimg?seq=693683741&username=@@f64ab1ae921e34b5911afd19c2243987088484b605993ea0d7635be4a93d5c2c&skey=@crypt_66beaad_7489847fe7bbe92e5ce6e72039801ce8,0,1,,0,[],Common Service,0,COMMONSERVICE,CommonService,,,,,0,,0,0,0,0,0,@@f64ab1ae921e34b5911afd19c2243987088484b605993ea0d7635be4a93d5c2c,0
129,,0,0,0,,3,,,/cgi-bin/mmwebwx-bin/webwxgetheadimg?seq=693687429&username=@@82a36fac18e32795f8dcd5aefe1bb11f01bf4207cc9efded515e141e127ab970&skey=@crypt_66beaad_7489847fe7bbe92e5ce6e72039801ce8,0,1,,0,[],机器学习community,0,JQXXCOMMUNITY,jiqixuexicommunity,,,,,0,,0,0,0,0,0,@@82a36fac18e32795f8dcd5aefe1bb11f01bf4207cc9efded515e141e127ab970,0
130,,0,0,0,,3,,,/cgi-bin/mmwebwx-bin/webwxgetheadimg?seq=693516929&username=@@95a9cc81a660604c63e0bd120f964c8188b08d87eed1bf36ef7aa9dc778d607f&skey=@crypt_66beaad_7489847fe7bbe92e5ce6e72039801ce8,0,0,,0,[],浙大MBA校友@杭州,0,ZDMBAXYHZ,zhedaMBAxiaoyouhangzhou,,,,,0,,0,0,0,0,0,@@95a9cc81a660604c63e0bd120f964c8188b08d87eed1bf36ef7aa9dc778d607f,0
131,,0,0,0,,3,,,/cgi-bin/mmwebwx-bin/webwxgetheadimg?seq=693692812&username=@@c5143cc725137c83a8caf08b264cd349da7a76bdc875c5b5be6e65b9f569831e&skey=@crypt_66beaad_7489847fe7bbe92e5ce6e72039801ce8,0,0,,0,[],杭州敏捷社区,0,HZMJSO,hangzhouminjiesheou,,,,,0,,0,0,0,0,0,@@c5143cc725137c83a8caf08b264cd349da7a76bdc875c5b5be6e65b9f569831e,0
132,,0,0,0,,3,,,/cgi-bin/mmwebwx-bin/webwxgetheadimg?seq=693685688&username=@@fb2c936d52aaad3c405bbcd81b030b1ddf5d1d2a59a6ce78f261725758135a2f&skey=@crypt_66beaad_7489847fe7bbe92e5ce6e72039801ce8,0,0,,0,[],杭州敏捷社区2,0,HZMJSO2,hangzhouminjiesheou2,,,,,0,,0,0,0,0,0,@@fb2c936d52aaad3c405bbcd81b030b1ddf5d1d2a59a6ce78f261725758135a2f,0
133,,0,0,0,,3,,,/cgi-bin/mmwebwx-bin/webwxgetheadimg?seq=693696023&username=@@595e0cf8d443d5ae4c49459cffef7b8b7550163b11e2492a74066b55eccdc3d6&skey=@crypt_66beaad_7489847fe7bbe92e5ce6e72039801ce8,0,0,,0,[],2019秋季 晚托205,0,2019QJWT205,2019qiujiwantuo205,,,,,0,,0,0,0,0,0,@@595e0cf8d443d5ae4c49459cffef7b8b7550163b11e2492a74066b55eccdc3d6,0
134,,0,0,0,,3,,,/cgi-bin/mmwebwx-bin/webwxgetheadimg?seq=693696098&username=@@1afe2f04903d2ccaadf3578c84a01934f2d04caba011adcbd01e3d7b78b4dd56&skey=@crypt_66beaad_7489847fe7bbe92e5ce6e72039801ce8,0,0,,0,[],2019木塔 丝绸之路亲子游学咨询群,0,2019MTSCZLQZYXZXQ,2019mutasichouzhiluqinziyouxuezixunqun,,,,,0,,0,0,0,0,0,@@1afe2f04903d2ccaadf3578c84a01934f2d04caba011adcbd01e3d7b78b4dd56,0
135,,0,0,0,,3,,,/cgi-bin/mmwebwx-bin/webwxgetheadimg?seq=693571460&username=@@8e950c66b51b230bd69b66d7112da5ea93e54b1e1918a6fd82036b887ea58072&skey=@crypt_66beaad_7489847fe7bbe92e5ce6e72039801ce8,0,0,,0,[],2018杭州读书会微论坛,0,2018HZDSHWLT,2018hangzhoudoushuhuiweiluntan,,,,,0,,0,0,0,0,0,@@8e950c66b51b230bd69b66d7112da5ea93e54b1e1918a6fd82036b887ea58072,0
136,,0,0,0,,3,,,/cgi-bin/mmwebwx-bin/webwxgetheadimg?seq=693412337&username=@@ad7dfcbe3f6347d2a44847d48b52c7b258d01ef6ae0bc0b20088c040c2753f4f&skey=@crypt_66beaad_7489847fe7bbe92e5ce6e72039801ce8,0,0,,0,[],生活技能我最棒2（209教室）,0,SHJNWZB2209JS,shenghuojinengwozuibang2209jiaoshi,,,,,0,,0,0,0,0,0,@@ad7dfcbe3f6347d2a44847d48b52c7b258d01ef6ae0bc0b20088c040c2753f4f,0
137,,0,0,0,,3,,,/cgi-bin/mmwebwx-bin/webwxgetheadimg?seq=693628300&username=@@e166c5b7cade852f94ecc14994844470b705230034709412bb532d5d4ffab848&skey=@crypt_66beaad_7489847fe7bbe92e5ce6e72039801ce8,0,0,,0,[],浙大寿涌毅老师团队,0,ZDSCYLSTD,zhedashouchongyilaoshituandui,,,,,0,,0,0,0,0,0,@@e166c5b7cade852f94ecc14994844470b705230034709412bb532d5d4ffab848,0
138,,0,0,0,,3,,,/cgi-bin/mmwebwx-bin/webwxgetheadimg?seq=693697309&username=@@976faebe052fe2571d3ed814c02044aa964f9864912c22904c570526415f7546&skey=@crypt_66beaad_7489847fe7bbe92e5ce6e72039801ce8,0,0,,0,[],7.06-7.13丝绸之路第一期#MT19061#,0,706713SCZLDYJMT19061,706713sichouzhiludiyijiMT19061,,,,,0,,0,0,0,0,0,@@976faebe052fe2571d3ed814c02044aa964f9864912c22904c570526415f7546,0
139,,0,0,0,,3,,,/cgi-bin/mmwebwx-bin/webwxgetheadimg?seq=693563367&username=@@a2b2c83cd536e01aae74744d2bd84592818bb5b20aa49f8ee6f84ff49d2ae2ab&skey=@crypt_66beaad_7489847fe7bbe92e5ce6e72039801ce8,0,0,,0,[],CRAN CF HZ RD 齐心创未来,0,CRANCFHZRDQXCWL,CRANCFHZRDqixinchuangweilai,,,,,0,,0,0,0,0,0,@@a2b2c83cd536e01aae74744d2bd84592818bb5b20aa49f8ee6f84ff49d2ae2ab,0
140,,0,0,0,,3,,,/cgi-bin/mmwebwx-bin/webwxgetheadimg?seq=693685440&username=@@c073cba0ce7af10866d47d321ad313e24cc2517584567cad516ce05dbc70f208&skey=@crypt_66beaad_7489847fe7bbe92e5ce6e72039801ce8,0,0,,0,[],??诺娃学习群,0,SPANCLASSEMOJIEMOJI2764SPAN?NWXXQ,spanclassemojiemoji2764span?nuowaxuexiqun,,,,,0,,0,0,0,0,0,@@c073cba0ce7af10866d47d321ad313e24cc2517584567cad516ce05dbc70f208,0
141,,0,0,0,,3,,,/cgi-bin/mmwebwx-bin/webwxgetheadimg?seq=693679364&username=@@e903527e34218b964e7527c05053ce353879d2c69f3ae0d9636cca2acf9d343b&skey=@crypt_66beaad_7489847fe7bbe92e5ce6e72039801ce8,0,0,,0,[],山外山投融资俱乐部（88）,0,SWSTRZJYB88,shanwaishantourongzijuyuebu88,,,,,0,,0,0,0,0,0,@@e903527e34218b964e7527c05053ce353879d2c69f3ae0d9636cca2acf9d343b,0
142,,0,0,0,,3,,,/cgi-bin/mmwebwx-bin/webwxgetheadimg?seq=693671330&username=@@91a5edd1e4bb82e19e42cc2754d97e1491951435985a76bcd1027061cf2cfe8f&skey=@crypt_66beaad_7489847fe7bbe92e5ce6e72039801ce8,0,0,,0,[],?小低1-3年级学习群,0,SPANCLASSEMOJIEMOJI1F339SPANXD13NJXXQ,spanclassemojiemoji1f339spanxiaodi13nianjixuexiqun,,,,,0,,0,0,0,0,0,@@91a5edd1e4bb82e19e42cc2754d97e1491951435985a76bcd1027061cf2cfe8f,0
143,,0,0,0,,3,,,/cgi-bin/mmwebwx-bin/webwxgetheadimg?seq=693661554&username=@@66b593281ddd0a9f5eb86c16b525315c62a7cec041b39e8f42187982c82e0661&skey=@crypt_66beaad_7489847fe7bbe92e5ce6e72039801ce8,0,0,,0,[],三年级补习班,0,SNJBXB,sannianjibuxiban,,,,,0,,0,0,0,0,0,@@66b593281ddd0a9f5eb86c16b525315c62a7cec041b39e8f42187982c82e0661,0
144,,0,0,0,,3,,,/cgi-bin/mmwebwx-bin/webwxgetheadimg?seq=693572087&username=@@f3b05ee07844ef35b8d802a978f15219d36790a1bf1b25990e5743a79b35d3ec&skey=@crypt_66beaad_7489847fe7bbe92e5ce6e72039801ce8,0,0,,0,[],自严自语-钱自严粉丝群,0,ZYZYQZYFSQ,ziyanziyuqianziyanfensiqun,,,,,0,,0,0,0,0,0,@@f3b05ee07844ef35b8d802a978f15219d36790a1bf1b25990e5743a79b35d3ec,0
145,,0,0,0,,3,,,/cgi-bin/mmwebwx-bin/webwxgetheadimg?seq=693693082&username=@@8ccd04722631d731d5cf385f9a063a7a51452693a7558b74d99318d233725c63&skey=@crypt_66beaad_7489847fe7bbe92e5ce6e72039801ce8,0,0,,0,[],2019 周三制作,0,2019ZSZZ,2019zhousanzhizuo,,,,,0,,0,0,1,0,0,@@8ccd04722631d731d5cf385f9a063a7a51452693a7558b74d99318d233725c63,0
146,,0,0,0,,3,,,/cgi-bin/mmwebwx-bin/webwxgetheadimg?seq=693701270&username=@@8ac55cc4e9a60ec205adbef673e3fc6f90eb82cc3f296452b0b337594fa60fe3&skey=@crypt_66beaad_7489847fe7bbe92e5ce6e72039801ce8,0,0,,0,[],AICUG 1群:人工智能技术群,0,AICUG1QRGZNJSQ,AICUG1qunrengongzhinengjishuqun,,,,,0,,0,0,0,0,0,@@8ac55cc4e9a60ec205adbef673e3fc6f90eb82cc3f296452b0b337594fa60fe3,0
147,,0,0,0,,3,,,/cgi-bin/mmwebwx-bin/webwxgetheadimg?seq=693701540&username=@@e04eaba4ce54d020c0bb384b59002b9a53a231a896640e0a5fb55147166a6401&skey=@crypt_66beaad_7489847fe7bbe92e5ce6e72039801ce8,0,0,,0,[],东方郡西区认证业主1? 群,0,DFJXORZYZSPANCLASSEMOJIEMOJI3120E3SPANQ,dongfangjunxiourenzhengyezhuspanclassemojiemoji3120e3spanqun,,,,,0,,0,0,0,0,0,@@e04eaba4ce54d020c0bb384b59002b9a53a231a896640e0a5fb55147166a6401,0
148,,0,0,0,,2051,,,/cgi-bin/mmwebwx-bin/webwxgetheadimg?seq=693700951&username=@@429e778714a9732c71553e13abae795ba39f3cd5225aa91d6656e6a9b4283250&skey=@crypt_66beaad_7489847fe7bbe92e5ce6e72039801ce8,0,0,,0,[],2019.9无人机梯队,0,20199WRJTD,20199wurenjitidui,,,,,0,,0,0,1,0,0,@@429e778714a9732c71553e13abae795ba39f3cd5225aa91d6656e6a9b4283250,0
149,,0,0,0,,3,,,/cgi-bin/mmwebwx-bin/webwxgetheadimg?seq=693701850&username=@@8df42c1df9c1e433f7c4f88c0a637d02601e660cae8669a94e07e305536dc60b&skey=@crypt_66beaad_7489847fe7bbe92e5ce6e72039801ce8,0,0,,0,[],HZ Global Readers &amp; Thinkers,0,HZGLOBALREADERSAMPTHINKERS,HZGlobalReadersampThinkers,,,,,0,,0,0,0,0,0,@@8df42c1df9c1e433f7c4f88c0a637d02601e660cae8669a94e07e305536dc60b,0
