,Alias,AppAccountFlag,AttrStatus,ChatRoomId,City,ContactFlag,DisplayName,EncryChatRoomId,HeadImgUrl,HideInputBarFlag,IsOwner,KeyWord,MemberCount,MemberList,NickName,OwnerUin,PYInitial,PYQuanPin,Province,RemarkName,RemarkPYInitial,RemarkPYQuanPin,Sex,Signature,SnsFlag,StarFriend,Statues,Uin,UniFriend,UserName,VerifyFlag
0,,0,98305,0,海淀,3,,,/cgi-bin/mmwebwx-bin/webwxgeticon?seq=625892299&username=@ea7b49ec825a6ad72bb75d89b24a11cbafdea62a455610a59db3b155c3d39a8d&skey=@crypt_66beaad_7489847fe7bbe92e5ce6e72039801ce8,0,0,,0,[],央视新闻,0,YSXW,yangshixinwen,北京,,,,0,中央广播电视总台新闻新媒体中心公众号，提供时政、社会、财经、体育、突发等新闻信息以及天气、路况、视频直播等服务信息。,0,0,0,0,0,@ea7b49ec825a6ad72bb75d89b24a11cbafdea62a455610a59db3b155c3d39a8d,24
1,,0,0,0,广州,515,,,/cgi-bin/mmwebwx-bin/webwxgeticon?seq=631147160&username=@d2b207177d9cf1f7afcfa19dfa11e4ca&skey=@crypt_66beaad_7489847fe7bbe92e5ce6e72039801ce8,0,0,gh_,0,[],微信运动,0,WXYD,weixinyundong,广东,,,,0,也许你早已习惯一个人运动的孤独，却也偶尔渴望得到赞赏。加入微信运动，和朋友一起点赞互动、抢占封面，分享运动的快乐。,0,0,0,0,0,@d2b207177d9cf1f7afcfa19dfa11e4ca,24
2,,0,0,0,,1,,,/cgi-bin/mmwebwx-bin/webwxgeticon?seq=620505516&username=@3f69a7aa7dea542531d1bf85e6e1c900&skey=@crypt_66beaad_7489847fe7bbe92e5ce6e72039801ce8,0,0,gh_,0,[],微信支付,0,WXZF,weixinzhifu,广东,,,,0,帮助解决微信支付中遇到的困难，收集关于微信支付的建议反馈。,0,0,0,0,0,@3f69a7aa7dea542531d1bf85e6e1c900,24
3,,0,0,0,深圳,1,,,/cgi-bin/mmwebwx-bin/webwxgeticon?seq=620766141&username=@8d4ce74aeb99aeff7fc82d95139d9270&skey=@crypt_66beaad_7489847fe7bbe92e5ce6e72039801ce8,0,0,gh_,0,[],微信红包,0,WXHB,weixinhongbao,广东,,,,0,微信红包官方平台，为你提供快捷安全好玩的发红包服务,0,0,0,0,0,@8d4ce74aeb99aeff7fc82d95139d9270,24
4,,0,0,0,黄浦,1,,,/cgi-bin/mmwebwx-bin/webwxgeticon?seq=620502835&username=@38cffa7783e83a5449d6f6c3c47aa561&skey=@crypt_66beaad_7489847fe7bbe92e5ce6e72039801ce8,0,0,gh_,0,[],浦发银行,0,PFYX,pufayinxing,上海,,,,0,浦发银行官方微信,0,0,0,0,0,@38cffa7783e83a5449d6f6c3c47aa561,24
5,,0,0,0,深圳,3,,,/cgi-bin/mmwebwx-bin/webwxgeticon?seq=621954386&username=@716b92aa52e740937057e206ab87d790&skey=@crypt_66beaad_7489847fe7bbe92e5ce6e72039801ce8,0,0,gh_,0,[],迅雷会员,0,XLHY,xunleihuiyuan,广东,,,,0,"迅雷会员,拥有法拉利引擎般的云下载技术，为用户提供高速下载、海量存储、在线播放等多方位的特权服务！",0,0,0,0,0,@716b92aa52e740937057e206ab87d790,24
6,,0,0,0,杭州,3,,,/cgi-bin/mmwebwx-bin/webwxgeticon?seq=621973214&username=@067b654344bc6c2fdae6991df22aab00&skey=@crypt_66beaad_7489847fe7bbe92e5ce6e72039801ce8,0,0,gh_,0,[],该帐号已冻结,0,GZHYDJ,gaizhanghaoyidongjie,浙江,,,,0,,0,0,0,0,0,@067b654344bc6c2fdae6991df22aab00,8
7,,0,0,0,杭州,1,,,/cgi-bin/mmwebwx-bin/webwxgeticon?seq=623885620&username=@1a127d67c20b89f0d658855a9d09e17a&skey=@crypt_66beaad_7489847fe7bbe92e5ce6e72039801ce8,0,0,gh_,0,[],蜗牛工坊,0,WNGF,woniugongfang,浙江,,,,0,"蜗牛工坊是以亲子感情为基础，以幼儿与家长互动游戏为核心内容，以游戏方式全方位开发孩子的运动、语言、认知、情感、创造、社会交往等综合能力，促进孩子身心健康发展，建立良好的亲子关系,帮助孩子初步完成“自然人”向“社会人”过渡而进行的一种活动。",0,0,0,0,0,@1a127d67c20b89f0d658855a9d09e17a,8
8,,0,0,0,杭州,1,,,/cgi-bin/mmwebwx-bin/webwxgeticon?seq=624383021&username=@b1af347423125d9db0037b4561553bb4&skey=@crypt_66beaad_7489847fe7bbe92e5ce6e72039801ce8,0,0,gh_,0,[],该帐号已冻结,0,GZHYDJ,gaizhanghaoyidongjie,浙江,,,,0,,0,0,0,0,0,@b1af347423125d9db0037b4561553bb4,8
9,,0,0,0,杭州,3,,,/cgi-bin/mmwebwx-bin/webwxgeticon?seq=624782091&username=@65acb308f8a64aa19c3f86afdb119b8d&skey=@crypt_66beaad_7489847fe7bbe92e5ce6e72039801ce8,0,0,gh_,0,[],华数TV手机电视,0,HSTVSJDS,huashuTVshoujidianshi,浙江,,,,0,华数TV手机视频，视频画面清晰艳丽且流量少，支持在线高清播放；每日更新国内外各类热点事件、专题及电影、电视剧。,0,0,0,0,0,@65acb308f8a64aa19c3f86afdb119b8d,8
10,,0,0,0,,3,,,/cgi-bin/mmwebwx-bin/webwxgeticon?seq=625903952&username=@db8140e6ca84628bfb663586dece24c0&skey=@crypt_66beaad_7489847fe7bbe92e5ce6e72039801ce8,0,0,gh_,0,[],诺基亚贝尔浙江分公司,0,NJYBEZJFGS,nuojiyabeierzhejiangfengongsi,,,,,0,Nokia Shanghai Bell Hangzhou Technology Center,0,0,0,0,0,@db8140e6ca84628bfb663586dece24c0,24
11,,0,0,0,,515,,,/cgi-bin/mmwebwx-bin/webwxgeticon?seq=625903953&username=@4c952fe8be82ed3a80da4544faeda1ff&skey=@crypt_66beaad_7489847fe7bbe92e5ce6e72039801ce8,0,0,gh_,0,[],企业小助手,0,QYXZS,qiyexiaozhushou,,,,,0,NokiaHzTC,0,0,0,0,0,@4c952fe8be82ed3a80da4544faeda1ff,8
12,,0,0,0,杭州,3,,,/cgi-bin/mmwebwx-bin/webwxgeticon?seq=624385190&username=@3c763407ee2d18af9408029ee7196677&skey=@crypt_66beaad_7489847fe7bbe92e5ce6e72039801ce8,0,0,gh_,0,[],滨江网,0,BJW,binjiangwang,浙江,,,,0,滨江网（http://www.hzbj.com）――吃喝玩乐购，海量信息全都有。,0,0,0,0,0,@3c763407ee2d18af9408029ee7196677,8
13,,0,98459,0,广州,3,,,/cgi-bin/mmwebwx-bin/webwxgeticon?seq=625942646&username=@2a76d1330516a7530d7d9c80e16afebc&skey=@crypt_66beaad_7489847fe7bbe92e5ce6e72039801ce8,0,0,mph,0,[],公众平台安全助手,0,GZPTAQZS,gongzhongpingtaianquanzhushou,广东,,,,0,提供微信公众号登录和群发等安全操作，在手机上查收消息、评论、赞赏，新建群发和查看群发历史。,0,0,0,0,0,@2a76d1330516a7530d7d9c80e16afebc,24
14,,0,0,0,金华,1,,,/cgi-bin/mmwebwx-bin/webwxgeticon?seq=620769220&username=@86b0f1d4a1f6635150946f076cf848fa&skey=@crypt_66beaad_7489847fe7bbe92e5ce6e72039801ce8,0,0,gh_,0,[],该帐号已注销,0,GZHYZX,gaizhanghaoyizhuxiao,浙江,,,,0,,0,0,0,0,0,@86b0f1d4a1f6635150946f076cf848fa,8
15,,0,0,0,杭州,3,,,/cgi-bin/mmwebwx-bin/webwxgeticon?seq=631149903&username=@7c6bc0b1f83c52c46838a15e2025ef1a&skey=@crypt_66beaad_7489847fe7bbe92e5ce6e72039801ce8,0,0,gh_,0,[],钱塘春晓幼儿园,0,QTCXYEY,qiantangchunxiaoyoueryuan,浙江,,,,0,钱塘春晓学前教育集团创办于2007年9月，是滨江区教育局直属公办园。目前集团下属：钱塘春晓幼儿园、钱塘春晓幼儿园月明分园、钱塘春晓幼儿园东方郡分园和明月江南幼儿园。让孩子们说着、唱着、跳着，尽显本色童年；画着、凑着、舞着，畅想美好明天！,0,0,0,0,0,@7c6bc0b1f83c52c46838a15e2025ef1a,8
16,,0,0,0,中山,515,,,/cgi-bin/mmwebwx-bin/webwxgeticon?seq=625552849&username=@504d397bbf75b824b6c92a7d3612f0c1&skey=@crypt_66beaad_7489847fe7bbe92e5ce6e72039801ce8,0,0,gh_,0,[],乐心运动,0,YXYD,yuexinyundong,广东,,,,0,乐心手环和乐心智能秤专用公众号，随时关注你的运动健康数据，记录你的运动、睡眠及心率情况，并提供科学运动及减肥指导。,0,0,0,0,0,@504d397bbf75b824b6c92a7d3612f0c1,24
17,,0,0,0,宁波,3,,,/cgi-bin/mmwebwx-bin/webwxgeticon?seq=625901067&username=@5e6c4bcd03f3f86b6b6947e105dc57d0&skey=@crypt_66beaad_7489847fe7bbe92e5ce6e72039801ce8,0,0,gh_,0,[],浙江可瑞舒适家,0,ZJKRSKJ,zhejiangkeruishukuojia,浙江,,,,0,专业提供：中央空调、地暖、暖气片、新风、水处理、水机地暖空调一体机、地源热泵、中央除湿、智能家居、别墅电梯的设计、销售、安装、售后一体化服务。浙江舒适家居行业优秀集成服务商，联系电话：4008113020,0,0,0,0,0,@5e6c4bcd03f3f86b6b6947e105dc57d0,29
18,,0,0,0,,3,,,/cgi-bin/mmwebwx-bin/webwxgeticon?seq=625897750&username=@2538d488d33096d60086351a614423e1&skey=@crypt_66beaad_7489847fe7bbe92e5ce6e72039801ce8,0,0,gh_,0,[],企业小助手,0,QYXZS,qiyexiaozhushou,,,,,0,诺基亚通信投资有限公司,0,0,0,0,0,@2538d488d33096d60086351a614423e1,8
19,,0,0,0,浦东新区,3,,,/cgi-bin/mmwebwx-bin/webwxgeticon?seq=637707251&username=@77973bb887d97c2952c85e5241b26a85&skey=@crypt_66beaad_7489847fe7bbe92e5ce6e72039801ce8,0,0,gh_,0,[],浦发银行信用卡小浦微服务,0,PFYXXYKXPWFW,pufayinxingxinyongkaxiaopuweifuwu,上海,,,,0,资料上传小助手,0,0,0,0,0,@77973bb887d97c2952c85e5241b26a85,24
20,,0,0,0,,3,,,/cgi-bin/mmwebwx-bin/webwxgeticon?seq=625897749&username=@1de3b14292fa135fb1151a09f9dabfa3&skey=@crypt_66beaad_7489847fe7bbe92e5ce6e72039801ce8,0,0,gh_,0,[],诺基亚人,0,NJYR,nuojiyaren,,,,,0,诺基亚致力于投资数十亿互连设备世界中所离不开的技术，通过诺基亚通信通过网络基础设施软件、硬件和服务；通过地图提供位置智能；通过先进技术提供先进技术开发和许可。诺基亚通信作为全球移动宽带专家，始终处于每一代移动技术发展的最前沿。,0,0,0,0,0,@1de3b14292fa135fb1151a09f9dabfa3,24
21,,0,0,0,,3,,,/cgi-bin/mmwebwx-bin/webwxgeticon?seq=637711976&username=@e78b9cd9452bb363aa8ec33fc637b9f4&skey=@crypt_66beaad_7489847fe7bbe92e5ce6e72039801ce8,0,0,gh_,0,[],ZJU学习帝,0,ZJUXXD,ZJUxuexidi,上海,,,,0,浙大校内神一般的公众号，关注用户覆盖90%浙大学生。记住：你今天不关注，以后总有一天会关注的。,0,0,0,0,0,@e78b9cd9452bb363aa8ec33fc637b9f4,8
22,,0,0,0,,3,,,/cgi-bin/mmwebwx-bin/webwxgeticon?seq=640561359&username=@175eefd5e061abb2037dfee8759838a0&skey=@crypt_66beaad_7489847fe7bbe92e5ce6e72039801ce8,0,0,gh_,0,[],浙大MBA,0,ZDMBA,zhedaMBA,,,,,0,作为浙江大学MBA官方校友互动交流平台，为您提供最新活动资讯、招聘信息，搭建信息与资源的交互平台。,0,0,0,0,0,@175eefd5e061abb2037dfee8759838a0,24
23,,0,0,0,,3,,,/cgi-bin/mmwebwx-bin/webwxgeticon?seq=640561361&username=@d1f41d539e61a4886bf4e8a264406ec8&skey=@crypt_66beaad_7489847fe7bbe92e5ce6e72039801ce8,0,0,gh_,0,[],企业小助手,0,QYXZS,qiyexiaozhushou,,,,,0,浙江大学MBA,0,0,0,0,0,@d1f41d539e61a4886bf4e8a264406ec8,8
24,,0,0,0,,3,,,/cgi-bin/mmwebwx-bin/webwxgeticon?seq=640561364&username=@ab225019fe414d8ff3ca98c4210654e4&skey=@crypt_66beaad_7489847fe7bbe92e5ce6e72039801ce8,0,0,gh_,0,[],论坛,0,LT,luntan,,,,,0,浙大MBA校友论坛,0,0,0,0,0,@ab225019fe414d8ff3ca98c4210654e4,8
25,,0,0,0,,3,,,/cgi-bin/mmwebwx-bin/webwxgeticon?seq=640561365&username=@d60465330505ab07731de29e02e26978&skey=@crypt_66beaad_7489847fe7bbe92e5ce6e72039801ce8,0,0,gh_,0,[],活动,0,HD,huodong,,,,,0,学校内部相关活动内容,0,0,0,0,0,@d60465330505ab07731de29e02e26978,8
26,,0,0,0,,3,,,/cgi-bin/mmwebwx-bin/webwxgeticon?seq=640561366&username=@ed5580a6b39b71872f103c3aa404a48c&skey=@crypt_66beaad_7489847fe7bbe92e5ce6e72039801ce8,0,0,gh_,0,[],校友,0,XY,xiaoyou,,,,,0,浙大MBA的校友,0,0,0,0,0,@ed5580a6b39b71872f103c3aa404a48c,8
27,,0,0,0,,3,,,/cgi-bin/mmwebwx-bin/webwxgeticon?seq=640561367&username=@5e72b5ac4c96dc679d0ac1172ff88d3e&skey=@crypt_66beaad_7489847fe7bbe92e5ce6e72039801ce8,0,0,gh_,0,[],项目介绍,0,XMJS,xiangmujieshao,,,,,0,项目介绍,0,0,0,0,0,@5e72b5ac4c96dc679d0ac1172ff88d3e,8
28,,0,0,0,,3,,,/cgi-bin/mmwebwx-bin/webwxgeticon?seq=640561368&username=@bb578dd431b9b523b2871c2f200a0c15&skey=@crypt_66beaad_7489847fe7bbe92e5ce6e72039801ce8,0,0,gh_,0,[],新闻资讯,0,XWZX,xinwenzixun,,,,,0,新闻资讯,0,0,0,0,0,@bb578dd431b9b523b2871c2f200a0c15,8
29,,0,0,0,,3,,,/cgi-bin/mmwebwx-bin/webwxgeticon?seq=640561369&username=@49cea149ff1e3642b431976fb7a1e438&skey=@crypt_66beaad_7489847fe7bbe92e5ce6e72039801ce8,0,0,gh_,0,[],办事指南,0,BSZN,banshizhina,,,,,0,办事指南,0,0,0,0,0,@49cea149ff1e3642b431976fb7a1e438,8
30,,0,0,0,,3,,,/cgi-bin/mmwebwx-bin/webwxgeticon?seq=640561370&username=@0380cb8a986607b44c0b0488918ccfcb&skey=@crypt_66beaad_7489847fe7bbe92e5ce6e72039801ce8,0,0,gh_,0,[],职业发展,0,ZYFZ,zhiyefazhan,,,,,0,职业发展,0,0,0,0,0,@0380cb8a986607b44c0b0488918ccfcb,8
31,,0,0,0,杭州,3,,,/cgi-bin/mmwebwx-bin/webwxgeticon?seq=647096622&username=@3d83d4270a82af2ae5fff5f58e816e9c&skey=@crypt_66beaad_7489847fe7bbe92e5ce6e72039801ce8,0,0,gh_,0,[],小萝卜王国,0,XLBWG,xiaoluobuwangguo,浙江,,,,0,3-12岁是孩子智力发育关键期，STEAM玩具可高效刺激孩子智力发展。我们是领先的STEAM教育和租赁平台，提供最专业的STEAM玩具共享服务！,0,0,0,0,0,@3d83d4270a82af2ae5fff5f58e816e9c,24
32,,0,0,0,杭州,3,,,/cgi-bin/mmwebwx-bin/webwxgeticon?seq=647137979&username=@bd5b5552cce0265a173ece1e3f10e840&skey=@crypt_66beaad_7489847fe7bbe92e5ce6e72039801ce8,0,0,gh_,0,[],西禾坊,0,XHF,xihefang,浙江,,,,0,西禾坊突破传统快餐菜色单一、服务老套的固定模式，推出菜肴搭配丰富、营养均衡的中式“便当”，特色主营台式便当。,0,0,0,0,0,@bd5b5552cce0265a173ece1e3f10e840,8
33,,0,0,0,黄浦,1,,,/cgi-bin/mmwebwx-bin/webwxgeticon?seq=640572026&username=@64e50d968fbf82dc7cf463d023cd0d1a&skey=@crypt_66beaad_7489847fe7bbe92e5ce6e72039801ce8,0,0,gh_,0,[],姜超宏观债券研究,0,JCHGZQYJ,jiangchaohongguanzhaiquanyanjiu,上海,,,,0,海通证券宏观债券研究员，发布个人观点，及时更新，以更便捷的方式和大家交流,0,0,0,0,0,@64e50d968fbf82dc7cf463d023cd0d1a,8
34,,0,0,0,杭州,1,,,/cgi-bin/mmwebwx-bin/webwxgeticon?seq=621270266&username=@1f05e6280f6ceddf7364dbfe75a28f48&skey=@crypt_66beaad_7489847fe7bbe92e5ce6e72039801ce8,0,0,gh_,0,[],杭州12333,0,HZ12333,hangzhou12333,浙江,,,,0,杭州市人力资源和社会保障相关信息发布,0,0,0,0,0,@1f05e6280f6ceddf7364dbfe75a28f48,8
35,,0,0,0,杭州,1,,,/cgi-bin/mmwebwx-bin/webwxgeticon?seq=620059258&username=@78be54adaa0c5125b6ce47b7332232bf&skey=@crypt_66beaad_7489847fe7bbe92e5ce6e72039801ce8,0,0,gh_,0,[],harrynsn,0,HARRYNSN,harrynsn,浙江,,,,0,关于如何用数据来看待生活中的各种话题,0,0,0,0,0,@78be54adaa0c5125b6ce47b7332232bf,8
36,,0,0,0,杭州,1,,,/cgi-bin/mmwebwx-bin/webwxgeticon?seq=625921628&username=@1d5cddf0dc5b4f3b87c3028c4b78ea4f&skey=@crypt_66beaad_7489847fe7bbe92e5ce6e72039801ce8,0,0,gh_,0,[],该帐号已冻结,0,GZHYDJ,gaizhanghaoyidongjie,浙江,,,,0,,0,0,0,0,0,@1d5cddf0dc5b4f3b87c3028c4b78ea4f,8
37,,0,0,0,杭州,1,,,/cgi-bin/mmwebwx-bin/webwxgeticon?seq=647112127&username=@57a86e20a12ddf9ae104c759656936ec&skey=@crypt_66beaad_7489847fe7bbe92e5ce6e72039801ce8,0,0,gh_,0,[],子豹,0,ZB,zibao,浙江,,,,0,生活也是大事业,0,0,0,0,0,@57a86e20a12ddf9ae104c759656936ec,8
38,,0,0,0,广州,1,,,/cgi-bin/mmwebwx-bin/webwxgeticon?seq=647101616&username=@d345fe18d16130f2d97c60afc1fa0a4b&skey=@crypt_66beaad_7489847fe7bbe92e5ce6e72039801ce8,0,0,gh_,0,[],,0,,,广东,,,,0,上海美食分享平台。专注分享上海美食攻略，搜罗最劲爆的上海特色小吃，上海本土美食一网打尽！,0,0,0,0,0,@d345fe18d16130f2d97c60afc1fa0a4b,24
39,,0,0,0,杭州,1,,,/cgi-bin/mmwebwx-bin/webwxgeticon?seq=628699997&username=@700f8f92f285349ef27db5871b8fb586&skey=@crypt_66beaad_7489847fe7bbe92e5ce6e72039801ce8,0,0,gh_,0,[],2015我们在浙里,0,2015WMZZL,2015womenzaizheli,浙江,,,,0,我们是2015级MBAer！我们在浙里！,0,0,0,0,0,@700f8f92f285349ef27db5871b8fb586,8
40,,0,0,0,苏州,1,,,/cgi-bin/mmwebwx-bin/webwxgeticon?seq=640561816&username=@9562a23b0631fe1718e11b689519d2c9&skey=@crypt_66beaad_7489847fe7bbe92e5ce6e72039801ce8,0,0,gh_,0,[],自严自语,0,ZYZY,ziyanziyu,江苏,,,,0,价值创造，智慧分享。专业洞见，细节精炼。,0,0,0,0,0,@9562a23b0631fe1718e11b689519d2c9,8
41,,0,0,0,杭州,1,,,/cgi-bin/mmwebwx-bin/webwxgeticon?seq=632290235&username=@f76a986ff2698f8b0bfa9e5a75a8e9b1&skey=@crypt_66beaad_7489847fe7bbe92e5ce6e72039801ce8,0,0,gh_,0,[],杭州浙江大学校友会,0,HZZJDXXYH,hangzhouzhejiangdaxuexiaoyouhui,浙江,,,,0,杭州浙江大学校友会，公忠坚毅，创领未来！,0,0,0,0,0,@f76a986ff2698f8b0bfa9e5a75a8e9b1,24
42,,0,0,0,朝阳,1,,,/cgi-bin/mmwebwx-bin/webwxgeticon?seq=625906647&username=@ee37963f4bb4a17fa4edbd9892f184a1&skey=@crypt_66beaad_7489847fe7bbe92e5ce6e72039801ce8,0,0,gh_,0,[],罗辑思维,0,LJSW,luojisaiwei,北京,,,,0,每天一段罗胖的60秒语音，推荐一本值得阅读的好书。 关注罗辑思维，我们一起终身学习。,0,0,0,0,0,@ee37963f4bb4a17fa4edbd9892f184a1,24
43,,0,0,0,海淀,1,,,/cgi-bin/mmwebwx-bin/webwxgeticon?seq=640568571&username=@0383f5b61ca6b74cc65b2ae8cd7b7287&skey=@crypt_66beaad_7489847fe7bbe92e5ce6e72039801ce8,0,0,gh_,0,[],书途,0,ST,shutu,北京,,,,0,由品红汇、投融中国联盟发起创建  好书推荐|主播领读|每天线上分享|每周读书笔记|每月线下沙龙  每天扔掉手机一小时，把阅读养成习惯！ 帮助企业家每年通读52本书！,0,0,0,0,0,@0383f5b61ca6b74cc65b2ae8cd7b7287,8
44,,0,0,0,杭州,1,,,/cgi-bin/mmwebwx-bin/webwxgeticon?seq=637732249&username=@f354a676cbb4ccbb9573dba5e26650f7&skey=@crypt_66beaad_7489847fe7bbe92e5ce6e72039801ce8,0,0,gh_,0,[],2015MBA周末1班,0,2015MBAZM1B,2015MBAzhoumo1ban,浙江,,,,0,班级通知、班级活动、课程作业与考试、读书会、案例分享等,0,0,0,0,0,@f354a676cbb4ccbb9573dba5e26650f7,8
45,,0,0,0,浦东新区,1,,,/cgi-bin/mmwebwx-bin/webwxgeticon?seq=647227192&username=@bf52518a6b9ef9041a60e4534f73faea&skey=@crypt_66beaad_7489847fe7bbe92e5ce6e72039801ce8,0,0,gh_,0,[],MacStock,0,MACSTOCK,MacStock,上海,,,,0,苹果超市，坚持提供Apple Mac日常所需，10000位苹果用户的第一选择,0,0,0,0,0,@bf52518a6b9ef9041a60e4534f73faea,8
46,,0,0,0,杭州,1,,,/cgi-bin/mmwebwx-bin/webwxgeticon?seq=647281915&username=@b76e5559c23fdf8ea1cb2ef7bff7058a&skey=@crypt_66beaad_7489847fe7bbe92e5ce6e72039801ce8,0,0,gh_,0,[],无浊之隅,0,WZZY,wuzhuozhiyu,浙江,,,,0,聊聊交易，谈谈我的心得和体会。,0,0,0,0,0,@b76e5559c23fdf8ea1cb2ef7bff7058a,8
47,,0,0,0,杭州,1,,,/cgi-bin/mmwebwx-bin/webwxgeticon?seq=620506812&username=@50394c6174c248e151eae78c164d7c0a&skey=@crypt_66beaad_7489847fe7bbe92e5ce6e72039801ce8,0,0,gh_,0,[],雾霾生存手册,0,WMSCSC,wumaishengcunshouce,浙江,,,,0,PM2.5、可入肺颗粒物、大气污染...这些与雾霾相关的名词，你是否已经耳熟能详，却又一知半解？本号由杭州骑友方达创建，旨在向公众普及雾霾相关知识，并教授各种控霾防霾手段。关注《雾霾生存手册》，让自己在雾霾时代活得清新一点！,0,0,0,0,0,@50394c6174c248e151eae78c164d7c0a,24
48,,0,0,0,深圳,1,,,/cgi-bin/mmwebwx-bin/webwxgeticon?seq=647357343&username=@9655da4ec3077e6086c025ab36899e41&skey=@crypt_66beaad_7489847fe7bbe92e5ce6e72039801ce8,0,0,gh_,0,[],顺丰速运,0,SFSY,shunfengsuyun,广东,,,,0,快件信息实时收，会员权益等你拿。顺丰速运出品，一款提供在线寄件、一小时上门、快递单号查询、网点查询、运费查询等相关服务的快递物流公众号。查快递、寄快递用顺丰，不止是快。,0,0,0,0,0,@9655da4ec3077e6086c025ab36899e41,24
49,,0,0,0,杭州,1,,,/cgi-bin/mmwebwx-bin/webwxgeticon?seq=647393835&username=@e5a4598f17b29f6f4451351a4de447c0&skey=@crypt_66beaad_7489847fe7bbe92e5ce6e72039801ce8,0,0,gh_,0,[],杭州图书馆,0,HZTSG,hangzhoutushuguan,浙江,,,,0,杭州图书馆（杭州市解放东路58号市民中心J楼，官网：www.hzlib.net）工作日周二至周日9:00-21:00；总服务台电话：0571-86535111,0,0,0,0,0,@e5a4598f17b29f6f4451351a4de447c0,24
50,,0,0,0,,3,,,/cgi-bin/mmwebwx-bin/webwxgeticon?seq=647406692&username=@9f8683ec911362953e0c9efcd37408f3&skey=@crypt_66beaad_7489847fe7bbe92e5ce6e72039801ce8,0,0,gh_,0,[],新闻坊,0,XWF,xinwenfang,,,,,0,这里精选每日最新行业时事新闻的“坊间快讯”，更有风趣幽默的“一只耳”热点播报，欢迎关注！,0,0,0,0,0,@9f8683ec911362953e0c9efcd37408f3,8
51,,0,0,0,广州,1,,,/cgi-bin/mmwebwx-bin/webwxgeticon?seq=663007398&username=@788fd26ea2421e3c8079d6e76e71ebee&skey=@crypt_66beaad_7489847fe7bbe92e5ce6e72039801ce8,0,0,gh_,0,[],广发金融工程研究,0,GFJRGCYJ,guangfajinronggongchengyanjiu,广东,,,,0,定期发布团队最新研究成果及观点，欢迎交流！,0,0,0,0,0,@788fd26ea2421e3c8079d6e76e71ebee,24
52,,0,0,0,朝阳,1,,,/cgi-bin/mmwebwx-bin/webwxgeticon?seq=663036297&username=@f3376a5cd30e9843c7dc874cdd7b17b1&skey=@crypt_66beaad_7489847fe7bbe92e5ce6e72039801ce8,0,0,gh_,0,[],格上私募圈,0,GSSMJ,geshangsimujuan,北京,,,,0,格上理财旗下专注私募行业的微信公众号。每天精选私募行业动态、私募大佬观点、私募研究报告与您分享，同时涵盖宏观经济、个股、投资理念方面的精华文章。了解私募行业，关注格上私募圈！,0,0,0,0,0,@f3376a5cd30e9843c7dc874cdd7b17b1,24
53,,0,0,0,广州,1,,,/cgi-bin/mmwebwx-bin/webwxgeticon?seq=663003396&username=@7fc0bb166bbf62229536519519c692c0&skey=@crypt_66beaad_7489847fe7bbe92e5ce6e72039801ce8,0,0,gh_,0,[],租租车,0,ZZC,zuzuche,广东,,,,0,租租车是2000万人都在用的出境租车APP，可在线预订近200个国家地区的租车服务及景点门票。提供最具性价比的生活灵感与体验，不定期有0元探世界福利。点击“关注”免费获取价值599元的旅行神器！,0,0,0,0,0,@7fc0bb166bbf62229536519519c692c0,24
54,,0,0,0,徐州,1,,,/cgi-bin/mmwebwx-bin/webwxgeticon?seq=663038255&username=@9952cb6acee3db7b5d1216eb4fc36ca3&skey=@crypt_66beaad_7489847fe7bbe92e5ce6e72039801ce8,0,0,gh_,0,[],脚本之家,0,JBZJ,jiaobenzhijia,江苏,,,,0,脚本之家（jb51.net）每天提供最新IT类资讯、原创内容、编程开发的教程与经验分享，送书福利天天在等你！,0,0,0,0,0,@9952cb6acee3db7b5d1216eb4fc36ca3,24
55,,0,0,0,东城,1,,,/cgi-bin/mmwebwx-bin/webwxgeticon?seq=663039219&username=@103a681b2efc305c9660d5e32580f681&skey=@crypt_66beaad_7489847fe7bbe92e5ce6e72039801ce8,0,0,gh_,0,[],云栖社区,0,YQSO,yunqisheou,北京,,,,0,云栖社区是由阿里云负责运营、阿里巴巴技术协会和阿里巴巴集团各技术团队提供内容支持的开放式技术社区。,0,0,0,0,0,@103a681b2efc305c9660d5e32580f681,24
56,,0,0,0,浦东新区,1,,,/cgi-bin/mmwebwx-bin/webwxgeticon?seq=647424125&username=@d2920e2ba9ca13589389fd78c3152a02&skey=@crypt_66beaad_7489847fe7bbe92e5ce6e72039801ce8,0,0,gh_,0,[],平安养老险,0,PAYLX,pinganyanglaoxian,上海,,,,0,为客户提供保障查询、理赔查询、服务手册查询、业务咨询等服务,0,0,0,0,0,@d2920e2ba9ca13589389fd78c3152a02,24
57,,0,0,0,杭州,1,,,/cgi-bin/mmwebwx-bin/webwxgeticon?seq=663023908&username=@8748addf05d04af8b227a43e14779f39&skey=@crypt_66beaad_7489847fe7bbe92e5ce6e72039801ce8,0,0,gh_,0,[],浙大后勤,0,ZDHQ,zhedahouqin,浙江,,,,0,浙江大学后勤集团官微，发布新鲜后勤资讯，提供在线后勤服务。,0,0,0,0,0,@8748addf05d04af8b227a43e14779f39,24
58,,0,0,0,东城,3,,,/cgi-bin/mmwebwx-bin/webwxgeticon?seq=634781268&username=@92f986d2d275dd007ed2393b20a4be1d&skey=@crypt_66beaad_7489847fe7bbe92e5ce6e72039801ce8,0,0,gh_,0,[],中国银行微银行,0,ZGYXWYX,zhongguoyinxingweiyinxing,北京,,,,0,?,0,0,0,0,0,@92f986d2d275dd007ed2393b20a4be1d,24
59,,0,0,0,,1,,,/cgi-bin/mmwebwx-bin/webwxgeticon?seq=662990851&username=@b83a77c0721d75cf097e9c9553da3492&skey=@crypt_66beaad_7489847fe7bbe92e5ce6e72039801ce8,0,0,gh_,0,[],腾讯微黄金,0,TXWHJ,tengxunweihuangjin,,,,,0,微黄金是基于用户的黄金社交、消费、投资等需求，提供黄金红包、实物黄金兑换、及积存金买卖等功能的黄金服务平台。,0,0,0,0,0,@b83a77c0721d75cf097e9c9553da3492,24
60,,0,0,0,,3,,,/cgi-bin/mmwebwx-bin/webwxgeticon?seq=663074051&username=@fc5b2dfa58df974fb6f21f5a96edc887&skey=@crypt_66beaad_7489847fe7bbe92e5ce6e72039801ce8,0,0,gh_,0,[],浙大MBA消息,0,ZDMBAXX,zhedaMBAxiaoxi,,,,,0,消息服务，帮你在微信中接收企业内部聊天消息。,0,0,0,0,0,@fc5b2dfa58df974fb6f21f5a96edc887,8
61,,0,0,0,杭州,1,,,/cgi-bin/mmwebwx-bin/webwxgeticon?seq=663030398&username=@335e8e14fa87375ea363fe1a77cfa6cc&skey=@crypt_66beaad_7489847fe7bbe92e5ce6e72039801ce8,0,0,gh_,0,[],杭州人力社保,0,HZRLSB,hangzhourenlishebao,浙江,,,,0,"社保办理查询，在线求职招聘，
资讯信息推送，服务单位个人。",0,0,0,0,0,@335e8e14fa87375ea363fe1a77cfa6cc,24
62,,0,0,0,杭州,1,,,/cgi-bin/mmwebwx-bin/webwxgeticon?seq=663072975&username=@b7e37718bce7ac8540a0932661024ca9&skey=@crypt_66beaad_7489847fe7bbe92e5ce6e72039801ce8,0,0,gh_,0,[],浙大智能交通,0,ZDZNJT,zhedazhinengjiaotong,浙江,,,,0,停车收费，校内交通安全提醒，交通法规宣传等,0,0,0,0,0,@b7e37718bce7ac8540a0932661024ca9,24
63,,0,0,0,广州,3,,,/cgi-bin/mmwebwx-bin/webwxgeticon?seq=628690448&username=@c43a7b47bf5498b9bd5fe1ab82656e8c&skey=@crypt_66beaad_7489847fe7bbe92e5ce6e72039801ce8,0,0,gh_,0,[],广发信用卡,0,GFXYK,guangfaxinyongka,广东,,,,0,消费信息即时通知，账单、额度、积分秒速查询，免手续费快速还款，账单分期掌上办理！智能应答和人工服务更可解答您的用卡疑问――广发信用卡，给您更多，为您看更远。,0,0,0,0,0,@c43a7b47bf5498b9bd5fe1ab82656e8c,29
64,,0,0,0,杭州,3,,,/cgi-bin/mmwebwx-bin/webwxgeticon?seq=663072981&username=@dad006e48bc8521684f9229def47516a&skey=@crypt_66beaad_7489847fe7bbe92e5ce6e72039801ce8,0,0,gh_,0,[],浙大学生公寓管理服务中心,0,ZDXSGYGLFWZX,zhedaxueshenggongyuguanlifuwuzhongxin,浙江,,,,0,关注浙江大学公寓管理服务中心，为您提供最新宿管动态、电表充值、二维码开启门禁、寝室卫生成绩查询、微信报修、订水等服务，我们的服务电话是0571-87951818.,0,0,0,0,0,@dad006e48bc8521684f9229def47516a,24
65,,0,0,0,浦东新区,1,,,/cgi-bin/mmwebwx-bin/webwxgeticon?seq=663078183&username=@2ddeb6efe768a746d39a1e6486e37a3a&skey=@crypt_66beaad_7489847fe7bbe92e5ce6e72039801ce8,0,0,gh_,0,[],嘉福平台,0,JFPT,jiafupingtai,上海,,,,0,嘉福平台为企业客户提供一站式薪酬和福利管理服务。包括企业客户代发工资、福利管理、员工保险、费用报销、薪酬理财、薪酬预支、员工奖励激励、客户忠诚度维护等服务。,0,0,0,0,0,@2ddeb6efe768a746d39a1e6486e37a3a,24
66,,0,0,0,杭州,1,,,/cgi-bin/mmwebwx-bin/webwxgeticon?seq=647363666&username=@37560236561467cd53a25e477c655484&skey=@crypt_66beaad_7489847fe7bbe92e5ce6e72039801ce8,0,0,gh_,0,[],浙江大学信息技术中心,0,ZJDXXXJSZX,zhejiangdaxuexinxijishuzhongxin,浙江,,,,0,信息发布、用户服务,0,0,0,0,0,@37560236561467cd53a25e477c655484,24
67,,0,0,0,杭州,1,,,/cgi-bin/mmwebwx-bin/webwxgeticon?seq=647384132&username=@469fe968204f6d6e36e79b6ef97d4e38&skey=@crypt_66beaad_7489847fe7bbe92e5ce6e72039801ce8,0,0,gh_,0,[],中石化碧辟微油站,0,ZSHBBWYZ,zhongshihuabibiweiyouzhan,浙江,,,,0,我们的使命宣言：我们将引领安全环保理念，通过卓越运营，多元化服务，成为加油站零售行业的标杆。我们的核心价值观：健康安全环保 、顾客服务、绩效导向；尊重平等包容 、关注细节 、创新改进。,0,0,0,0,0,@469fe968204f6d6e36e79b6ef97d4e38,24
68,,0,0,0,杭州,3,,,/cgi-bin/mmwebwx-bin/webwxgeticon?seq=621968741&username=@81268fd2a3fe339768906e4a3aa73761&skey=@crypt_66beaad_7489847fe7bbe92e5ce6e72039801ce8,0,0,gh_,0,[],吾儿网幼儿在线,0,WEWYEZX,wuerwangyouerzaixian,浙江,,,,0,学校微家园：手机访问学校网站，接收校园通知，家校互动更便捷；并分享有价值的育儿知识、有品质的精品好物、酷酷的亲子活动，用爱守护幼儿成长的每一天。,0,0,0,0,0,@81268fd2a3fe339768906e4a3aa73761,24
69,,0,0,0,,1,,,/cgi-bin/mmwebwx-bin/webwxgeticon?seq=663122412&username=@1f0f903a5bc793da5715bfd3df7d683e&skey=@crypt_66beaad_7489847fe7bbe92e5ce6e72039801ce8,0,0,gh_,0,[],界面新闻,0,JMXW,jiemianxinwen,北京,,,,0,界面新闻是中国具有影响力的原创财经新媒体，只服务于独立思考的人群,0,0,0,0,0,@1f0f903a5bc793da5715bfd3df7d683e,24
70,,0,0,0,Spokane,1,,,/cgi-bin/mmwebwx-bin/webwxgeticon?seq=663123204&username=@ae284407a7334951cdd44db21c92c139&skey=@crypt_66beaad_7489847fe7bbe92e5ce6e72039801ce8,0,0,gh_,0,[],NASA爱好者,0,NASAAHZ,NASAaihaozhe,Washington,,,,0,由NASA爱好者维护的天文，航空，航天，科普自媒体。,0,0,0,0,0,@ae284407a7334951cdd44db21c92c139,8
71,,0,0,0,,3,,,/cgi-bin/mmwebwx-bin/webwxgeticon?seq=662193679&username=@170b1c18b1382655e1e284566c438691&skey=@crypt_66beaad_7489847fe7bbe92e5ce6e72039801ce8,0,0,gh_,0,[],企业小助手,0,QYXZS,qiyexiaozhushou,,,,,0,中控人,0,0,0,0,0,@170b1c18b1382655e1e284566c438691,8
72,,0,0,0,深圳,1,,,/cgi-bin/mmwebwx-bin/webwxgeticon?seq=663148365&username=@9357d822483059770a4a49ba14875469&skey=@crypt_66beaad_7489847fe7bbe92e5ce6e72039801ce8,0,0,gh_,0,[],券商中国,0,QSZG,quanshangzhongguo,广东,,,,0,致力于提供最及时的财经资讯，最专业的解读分析，覆盖宏观经济、金融机构、A股市场、上市公司、投资理财等财经领域。,0,0,0,0,0,@9357d822483059770a4a49ba14875469,24
73,,0,0,0,杭州,3,,,/cgi-bin/mmwebwx-bin/webwxgeticon?seq=663143785&username=@d467808b798f830fd9fdad4278305002&skey=@crypt_66beaad_7489847fe7bbe92e5ce6e72039801ce8,0,0,gh_,0,[],杭州人保财险,0,HZRBCX,hangzhourenbaocaixian,浙江,,,,0,中国人民财产保险股份有限公司杭州市分公司,0,0,0,0,0,@d467808b798f830fd9fdad4278305002,24
74,,0,0,0,,3,,,/cgi-bin/mmwebwx-bin/webwxgeticon?seq=663169492&username=@2e91a57c66077323989d0e569d418daa&skey=@crypt_66beaad_7489847fe7bbe92e5ce6e72039801ce8,0,0,gh_,0,[],企业消息提醒,0,QYXXDX,qiyexiaoxidixing,,,,,0,帮助你在微信插件中接收企业的聊天消息和应用消息,0,0,0,0,0,@2e91a57c66077323989d0e569d418daa,8
75,,0,0,0,,3,,,/cgi-bin/mmwebwx-bin/webwxgeticon?seq=663183106&username=@f6b95bc79db005052464c2520522aaea&skey=@crypt_66beaad_7489847fe7bbe92e5ce6e72039801ce8,0,0,gh_,0,[],企业消息提醒,0,QYXXDX,qiyexiaoxidixing,,,,,0,帮助你在微信插件中接收企业的聊天消息和应用消息,0,0,0,0,0,@f6b95bc79db005052464c2520522aaea,8
76,,0,0,0,,1,,,/cgi-bin/mmwebwx-bin/webwxgeticon?seq=663207411&username=@cb7d02a2f6d90529af2d18d36bfb1c43&skey=@crypt_66beaad_7489847fe7bbe92e5ce6e72039801ce8,0,0,gh_,0,[],我爱机器学习,0,WAJQXX,woaijiqixuexi,北京,,,,0,关注deep learning，机器学习，大数据，搜索引擎，自然语言处理以及机器学习周边动态（52ml.net）。,0,0,0,0,0,@cb7d02a2f6d90529af2d18d36bfb1c43,8
77,,0,0,0,朝阳,3,,,/cgi-bin/mmwebwx-bin/webwxgeticon?seq=663208731&username=@d028683c005e9118c0bb5301dcb058f7&skey=@crypt_66beaad_7489847fe7bbe92e5ce6e72039801ce8,0,0,gh_,0,[],随媛札记,0,SYZJ,suiyuanzhaji,北京,,,,0,媛来你也在这里,0,0,0,0,0,@d028683c005e9118c0bb5301dcb058f7,8
78,,0,0,0,杭州,3,,,/cgi-bin/mmwebwx-bin/webwxgeticon?seq=663208855&username=@42e013759ce9bc8bde50f6577c0d8e74&skey=@crypt_66beaad_7489847fe7bbe92e5ce6e72039801ce8,0,0,gh_,0,[],杭州江南实验学校,0,HZJNSYXX,hangzhoujiangnashiyanxuexiao,浙江,,,,0,杭州江南实验学校官方微信平台。,0,0,0,0,0,@42e013759ce9bc8bde50f6577c0d8e74,24
79,,0,0,0,杭州,1,,,/cgi-bin/mmwebwx-bin/webwxgeticon?seq=663210766&username=@eaefcfb7a4f3b3abe351c6e3f828e4e6&skey=@crypt_66beaad_7489847fe7bbe92e5ce6e72039801ce8,0,0,gh_,0,[],人工智能股票预测,0,RGZNGPYC,rengongzhinenggupiaoyuce,浙江,,,,0,学习型公众号：采用全新的人工智能方式，辅以传统的基本面分析过程来预测个股涨幅。,0,0,0,0,0,@eaefcfb7a4f3b3abe351c6e3f828e4e6,8
80,,0,0,0,杭州,1,,,/cgi-bin/mmwebwx-bin/webwxgeticon?seq=663222159&username=@047d55ec11f731060335b71820624035&skey=@crypt_66beaad_7489847fe7bbe92e5ce6e72039801ce8,0,0,gh_,0,[],午盘一分钟,0,WPYFZ,wupanyifenzhong,浙江,,,,0,上午盘面简报、下午盘面推演预测，一切都在精简！,0,0,0,0,0,@047d55ec11f731060335b71820624035,8
81,,0,0,0,海淀,1,,,/cgi-bin/mmwebwx-bin/webwxgeticon?seq=663229693&username=@663f3ac998f382e59aaef01275c0785a&skey=@crypt_66beaad_7489847fe7bbe92e5ce6e72039801ce8,0,0,gh_,0,[],股票说,0,GPS,gupiaoshuo,北京,,,,0,有观点  有态度,0,0,0,0,0,@663f3ac998f382e59aaef01275c0785a,8
82,,0,0,0,杭州,1,,,/cgi-bin/mmwebwx-bin/webwxgeticon?seq=663236565&username=@234c0c261ce079a48df7812f0cb890df&skey=@crypt_66beaad_7489847fe7bbe92e5ce6e72039801ce8,0,0,gh_,0,[],江南实验2017届百树林,0,JNSY2017JBSL,jiangnashiyan2017jiebaishulin,浙江,,,,0,欢迎关注。,0,0,0,0,0,@234c0c261ce079a48df7812f0cb890df,8
83,,0,0,0,杭州,1,,,/cgi-bin/mmwebwx-bin/webwxgeticon?seq=663236570&username=@47ebf556ea99a5a6ee2b0f74064d6c4b&skey=@crypt_66beaad_7489847fe7bbe92e5ce6e72039801ce8,0,0,gh_,0,[],江南实验大队部,0,JNSYDDB,jiangnashiyandaduibu,浙江,,,,0,行文明礼仪，做江南学子。,0,0,0,0,0,@47ebf556ea99a5a6ee2b0f74064d6c4b,8
84,,0,0,0,杭州,1,,,/cgi-bin/mmwebwx-bin/webwxgeticon?seq=647400740&username=@fe5dcf6e01ef31219344e8f6be757dac&skey=@crypt_66beaad_7489847fe7bbe92e5ce6e72039801ce8,0,0,gh_,0,[],浙江移动,0,ZJYD,zhejiangyidong,浙江,,,,0,浙江移动官方公众号，为您提供浙江移动各类查询、热门业务办理，优惠活动....是您的贴心管家！,0,0,0,0,0,@fe5dcf6e01ef31219344e8f6be757dac,24
85,,0,0,0,杭州,1,,,/cgi-bin/mmwebwx-bin/webwxgeticon?seq=663258821&username=@e93e2fd8a91e6c2f1873f0156480d6e6&skey=@crypt_66beaad_7489847fe7bbe92e5ce6e72039801ce8,0,0,gh_,0,[],江南实验2017级11班,0,JNSY2017J11B,jiangnashiyan2017ji11ban,浙江,,,,0,分享班级活动，记录成长点滴,0,0,0,0,0,@e93e2fd8a91e6c2f1873f0156480d6e6,8
86,,0,0,0,深圳,1,,,/cgi-bin/mmwebwx-bin/webwxgeticon?seq=647352619&username=@b107e7ca28836d402a4cd417361793b0&skey=@crypt_66beaad_7489847fe7bbe92e5ce6e72039801ce8,0,0,gh_,0,[],丰巢智能柜,0,FCZNG,fengchaozhinenggui,广东,,,,0,关注丰巢服务号，第一时间接收您的快件物流提醒！提供24小时自助寄快递、电商购物、暂存物品、媒体互动等一站式生活服务，让生活更简单！,0,0,0,0,0,@b107e7ca28836d402a4cd417361793b0,24
87,,0,0,0,浦东新区,1,,,/cgi-bin/mmwebwx-bin/webwxgeticon?seq=620768813&username=@42679ceeebdeb304b38b4ad680c8779c&skey=@crypt_66beaad_7489847fe7bbe92e5ce6e72039801ce8,0,0,gh_,0,[],浦发银行信用卡,0,PFYXXYK,pufayinxingxinyongka,上海,,,,0,快速办卡一键查账。笔笔交易提醒，保障用卡安全，乐享福利权益。,0,0,0,0,0,@42679ceeebdeb304b38b4ad680c8779c,24
88,,0,0,0,西安,1,,,/cgi-bin/mmwebwx-bin/webwxgeticon?seq=663316141&username=@89e8ddd72bc5a39e43fd0a38ecb58436&skey=@crypt_66beaad_7489847fe7bbe92e5ce6e72039801ce8,0,0,gh_,0,[],物联网时空,0,WLWSK,wulianwangshikong,陕西,,,,0,围绕低功耗广域网(LPWAN)、5G、人工智能(AI)、物联网(IoT)、云计算等相关技术，精摘或原创热点资讯、技术分析。 去粗取精，利用碎片化时间洞察行业热点；由表及里，在信息洪流之中学习技术门道。,0,0,0,0,0,@89e8ddd72bc5a39e43fd0a38ecb58436,8
89,,0,0,0,青岛,1,,,/cgi-bin/mmwebwx-bin/webwxgeticon?seq=663317695&username=@511940ba847fb7a451d6554ef636a993&skey=@crypt_66beaad_7489847fe7bbe92e5ce6e72039801ce8,0,0,gh_,0,[],Mac,0,MAC,Mac,山东,,,,0,专注苹果电脑 Mac，分享优秀 Mac 软件，实用 Mac 技巧，提供 Mac 问题解决方案和序列号查询服务，帮助你用好 Mac，提升学习和工作效率。,0,0,0,0,0,@511940ba847fb7a451d6554ef636a993,8
90,,0,0,0,朝阳,1,,,/cgi-bin/mmwebwx-bin/webwxgeticon?seq=663331069&username=@3f493c3fb21b69be7f8f52ebe71a675b&skey=@crypt_66beaad_7489847fe7bbe92e5ce6e72039801ce8,0,0,gh_,0,[],CSDN,0,CSDN,CSDN,北京,,,,0,专业的中文 IT 技术社区，与千万技术人共成长。,0,0,0,0,0,@3f493c3fb21b69be7f8f52ebe71a675b,24
91,,0,0,0,,3,,,/cgi-bin/mmwebwx-bin/webwxgeticon?seq=663340118&username=@cc2398024e825462d9f13b306feb3ef6&skey=@crypt_66beaad_7489847fe7bbe92e5ce6e72039801ce8,0,0,gh_,0,[],2015MBA周末1班,0,2015MBAZM1B,2015MBAzhoumo1ban,,,,,0,班级活动、课程作业考试信息、读书会、案例分享、公益互助等,0,0,0,0,0,@cc2398024e825462d9f13b306feb3ef6,8
92,,0,0,0,,3,,,/cgi-bin/mmwebwx-bin/webwxgeticon?seq=663340119&username=@69043f334fd3ea2e69fd2ad814525b7d&skey=@crypt_66beaad_7489847fe7bbe92e5ce6e72039801ce8,0,0,gh_,0,[],企业小助手,0,QYXZS,qiyexiaozhushou,,,,,0,2015MBA周末1班,0,0,0,0,0,@69043f334fd3ea2e69fd2ad814525b7d,8
93,,0,0,0,杭州,1,,,/cgi-bin/mmwebwx-bin/webwxgeticon?seq=663353245&username=@f7ffea42fff051faa5382ca0202c45fe&skey=@crypt_66beaad_7489847fe7bbe92e5ce6e72039801ce8,0,0,gh_,0,[],小学学习在线,0,XXXXZX,xiaoxuexuexizaixian,浙江,,,,0,提供小学学习辅助手段，比如练习加减乘除运算并自动计时，训练注意力的小游戏，锻炼逻辑思维和反应速度的小游戏。,0,0,0,0,0,@f7ffea42fff051faa5382ca0202c45fe,8
94,,0,0,0,杭州,1,,,/cgi-bin/mmwebwx-bin/webwxgeticon?seq=676621735&username=@4cd0497d8d94efd532432eb322416880&skey=@crypt_66beaad_7489847fe7bbe92e5ce6e72039801ce8,0,0,gh_,0,[],守破离的轮回,0,SPLDLH,shoupolidelunhui,浙江,,,,0,记录和分享工作中的火花,0,0,0,0,0,@4cd0497d8d94efd532432eb322416880,8
95,,0,0,0,杭州,1,,,/cgi-bin/mmwebwx-bin/webwxgeticon?seq=676622920&username=@6153ef71b78e88d004a1d45a3f5af893&skey=@crypt_66beaad_7489847fe7bbe92e5ce6e72039801ce8,0,0,gh_,0,[],阿里技术,0,ALJS,alijishu,浙江,,,,0,阿里巴巴官方技术号，关于阿里的技术创新均呈现于此。,0,0,0,0,0,@6153ef71b78e88d004a1d45a3f5af893,24
96,,0,0,0,静安,1,,,/cgi-bin/mmwebwx-bin/webwxgeticon?seq=634820877&username=@e23f33d2ec651b24d41a3c0d5f6046a1&skey=@crypt_66beaad_7489847fe7bbe92e5ce6e72039801ce8,0,0,gh_,0,[],星巴克江浙沪,0,XBKJZH,xingbakejiangzhehu,上海,,,,0,专注于咖啡文化分享，提供贴身的查询提醒服务，创造富有星意的互动体验。,0,0,0,0,0,@e23f33d2ec651b24d41a3c0d5f6046a1,24
97,,0,0,0,浦东新区,3,,,/cgi-bin/mmwebwx-bin/webwxgeticon?seq=647142956&username=@c85fbecbf2349c946048c07e34b078b2&skey=@crypt_66beaad_7489847fe7bbe92e5ce6e72039801ce8,0,0,cmb,0,[],招商银行信用卡,0,ZSYXXYK,zhaoshangyinxingxinyongka,上海,,,,0,招行信用卡官方微客服，快速办卡，额度最高5万元；快速提升额度；免费开通笔笔交易提醒，保障用卡安全；一键查账单、查积分、办分期！,0,0,0,0,0,@c85fbecbf2349c946048c07e34b078b2,29
98,,0,0,0,,1,,,/cgi-bin/mmwebwx-bin/webwxgeticon?seq=676649414&username=@95c683835f323d55f395ad606bda9374&skey=@crypt_66beaad_7489847fe7bbe92e5ce6e72039801ce8,0,0,gh_,0,[],杭州自然之友物联科技有限公司,0,HZZRZYWLKJYXGS,hangzhouziranzhiyouwuliankejiyouxiangongsi,,,,,0,关注后可在微信中接收杭州自然之友物联科技有限公司的企业通知和使用企业应用,0,0,0,0,0,@95c683835f323d55f395ad606bda9374,8
99,,0,0,0,,3,,,/cgi-bin/mmwebwx-bin/webwxgeticon?seq=676649417&username=@b825200f5eefc22102fd343da3de5e7e&skey=@crypt_66beaad_7489847fe7bbe92e5ce6e72039801ce8,0,0,gh_,0,[],企业小助手,0,QYXZS,qiyexiaozhushou,,,,,0,杭州自然之友物联科技有限公司,0,0,0,0,0,@b825200f5eefc22102fd343da3de5e7e,8
100,,0,0,0,徐汇,3,,,/cgi-bin/mmwebwx-bin/webwxgeticon?seq=647283484&username=@3651cc1928c5f5360267626cfc301d65&skey=@crypt_66beaad_7489847fe7bbe92e5ce6e72039801ce8,0,0,gh_,0,[],罗森Lawson上海,0,LSLAWSONSH,luosenLawsonshanghai,上海,,,,0,罗森便利店：随时随地的美味与安心。最新资讯、主题活动、会员APP、粉丝互动等一站式平台。,0,0,0,0,0,@3651cc1928c5f5360267626cfc301d65,24
101,,0,0,0,青浦,1,,,/cgi-bin/mmwebwx-bin/webwxgeticon?seq=679123024&username=@01bd72d62bb7bf2065f0d691a2c3756c&skey=@crypt_66beaad_7489847fe7bbe92e5ce6e72039801ce8,0,0,gh_,0,[],申通快递,0,STKD,shentongkuaidi,上海,,,,0,风雨20载  感恩有你！我们将竭诚为您提供快件信息、新闻动态、服务热线等服务，我们用真诚和努力，来兑现对客户的承诺！,0,0,0,0,0,@01bd72d62bb7bf2065f0d691a2c3756c,24
102,,0,0,0,广州,3,,,/cgi-bin/mmwebwx-bin/webwxgeticon?seq=620710115&username=@25d4bcf0a684bc2809a77374c32d9e3a&skey=@crypt_66beaad_7489847fe7bbe92e5ce6e72039801ce8,0,0,gh_,0,[],微信游戏,0,WXYH,weixinyouhu,广东,,,,0,关注微信游戏官方公众帐号，即时收取游戏讯息，还能查看各游戏攻略，抢先体验活动！,0,0,0,0,0,@25d4bcf0a684bc2809a77374c32d9e3a,24
103,,0,0,0,海淀,1,,,/cgi-bin/mmwebwx-bin/webwxgeticon?seq=679130700&username=@5004a045091dfa496c23eea528917943&skey=@crypt_66beaad_7489847fe7bbe92e5ce6e72039801ce8,0,0,gh_,0,[],新浪军事,0,XLJS,xinlangjunshi,北京,,,,0,完整覆盖国内国际军事讯息，追踪军备动态，关注全球战略格局，纵论古今征战杀伐，全年无休为您提供最及时的军事热点新闻。,0,0,0,0,0,@5004a045091dfa496c23eea528917943,24
104,,0,0,0,海淀,3,,,/cgi-bin/mmwebwx-bin/webwxgeticon?seq=679138407&username=@e2526426840048111483e7450fb218d9&skey=@crypt_66beaad_7489847fe7bbe92e5ce6e72039801ce8,0,0,gh_,0,[],luckincoffee瑞幸咖啡,0,LUCKINCOFFEERXGF,luckincoffeeruixinggafei,北京,,,,0,官方「福利+服务」号，周周都有券！luckin coffee：荣获米兰2018 IIAC国际咖啡品鉴大赛金奖；WBC（世界咖啡师大赛）冠军拼配；品类多多，新客户首杯免费！纳斯达克股票代码LK。,0,0,0,0,0,@e2526426840048111483e7450fb218d9,24
105,,0,0,0,杭州,1,,,/cgi-bin/mmwebwx-bin/webwxgeticon?seq=663116504&username=@6e997798c1c65b8018f7beb1c14cbe28&skey=@crypt_66beaad_7489847fe7bbe92e5ce6e72039801ce8,0,0,gh_,0,[],鲜丰水果,0,XFSG,xianfengshuiguo,浙江,,,,0,鲜丰水果，官方认证服务号。争做世界水果领先品牌！免费注册会员立享多项优惠。关注我，鲜果福利抢“鲜”知晓。,0,0,0,0,0,@6e997798c1c65b8018f7beb1c14cbe28,24
106,,0,0,0,朝阳,1,,,/cgi-bin/mmwebwx-bin/webwxgeticon?seq=663299983&username=@5df4b21a98ccfd62b9837709ade3986d&skey=@crypt_66beaad_7489847fe7bbe92e5ce6e72039801ce8,0,0,gh_,0,[],京东支付,0,JDZF,jingdongzhifu,北京,,,,0,薅羊毛、查账单、笔笔交易，实时提醒  一起感受支付生活带来的小确幸！,0,0,0,0,0,@5df4b21a98ccfd62b9837709ade3986d,24
107,,0,0,0,杭州,1,,,/cgi-bin/mmwebwx-bin/webwxgeticon?seq=663023280&username=@95c470bf27b4eddcd7fb2d08356bec69&skey=@crypt_66beaad_7489847fe7bbe92e5ce6e72039801ce8,0,0,gh_,0,[],中影国际影城杭州星光大道店,0,ZYGJYCHZXGDDD,zhongyingguojiyingchenghangzhouxingguangdadaodian,浙江,,,,0,不定期发布影城最新活动消息，免费抢票活动，明星见面会等福利一期服务热线:0571-88924988  团购热线:0571-88924880二期服务热线：0571-88997727 团购热线:0571-88924887,0,0,0,0,0,@95c470bf27b4eddcd7fb2d08356bec69,24
108,,0,0,0,长宁,1,,,/cgi-bin/mmwebwx-bin/webwxgeticon?seq=680880885&username=@7fe42439175d63fffadef5cfd5a6d593&skey=@crypt_66beaad_7489847fe7bbe92e5ce6e72039801ce8,0,0,gh_,0,[],DaDa有品有料,0,DADAYPYL,DaDayoupinyouliao,上海,,,,0,【DaDa有品有料】，为您提供DaDa的最新动态、教学产品最完整便利的使用支持。在这里，玩转DaDa整个教学产品体系。,0,0,0,0,0,@7fe42439175d63fffadef5cfd5a6d593,24
109,,0,0,0,广州,1,,,/cgi-bin/mmwebwx-bin/webwxgeticon?seq=680882235&username=@dd33be405c7c2ae9368cd9d92a2c637c&skey=@crypt_66beaad_7489847fe7bbe92e5ce6e72039801ce8,0,0,gh_,0,[],群享通讯录,0,QXTXL,qunxiangtongxunlu,广东,,,,0,群享通讯录是建立行业圈子，拓展人脉的最佳工具！ 是行业圈子，商会及校友的聚集地。 已有数十个行业万人通讯录，千万行业人聚集!,0,0,0,0,0,@dd33be405c7c2ae9368cd9d92a2c637c,8
110,,0,0,0,杭州,1,,,/cgi-bin/mmwebwx-bin/webwxgeticon?seq=663050104&username=@7f6699595e9d55ddf2e42b8c2f2c3ad0&skey=@crypt_66beaad_7489847fe7bbe92e5ce6e72039801ce8,0,0,gh_,0,[],杭州朗记香港地,0,HZLJXGD,hangzhoulangjixianggangde,浙江,,,,0,香港朗记茶餐厅,0,0,0,0,0,@7f6699595e9d55ddf2e42b8c2f2c3ad0,24
111,,0,0,0,普陀,1,,,/cgi-bin/mmwebwx-bin/webwxgeticon?seq=680934792&username=@f0ecad5c548130b4ca16680a0322e1dc&skey=@crypt_66beaad_7489847fe7bbe92e5ce6e72039801ce8,0,0,gh_,0,[],DaDa官方,0,DADAGF,DaDaguanfang,上海,,,,0,专业在线少儿英语,0,0,0,0,0,@f0ecad5c548130b4ca16680a0322e1dc,24
112,,0,0,0,杭州,1,,,/cgi-bin/mmwebwx-bin/webwxgeticon?seq=680940445&username=@2cba01bda40f89d05774e8663189307a&skey=@crypt_66beaad_7489847fe7bbe92e5ce6e72039801ce8,0,0,gh_,0,[],木塔与天空,0,MTYTK,mutayutiankong,浙江,,,,0,"木塔与天空<span class=""emoji emojiae""></span>是EDUORIGIN<span class=""emoji emojiae""></span>旗下营地教育品牌，长期致力于为中国青少年提供基于项目制（PBL）和体验式（LTP）的素质教育课程和活动，围绕美国STEAM和跨学科教育理念，帮助青少年拥有更开阔的视野，更健全的人格和更全面的素质。",0,0,0,0,0,@2cba01bda40f89d05774e8663189307a,24
113,,0,0,0,Los Angeles,1,,,/cgi-bin/mmwebwx-bin/webwxgeticon?seq=680952181&username=@81414eb2504f95324d88f8229001a188&skey=@crypt_66beaad_7489847fe7bbe92e5ce6e72039801ce8,0,0,gh_,0,[],大数据应用,0,DSJYY,dashujuyingyong,California,,,,0,"数据应用学院被评为2016北美Top Data Camp, 是最专业一站式数据科学咨询服务机构，你的数据科学求职咨询专家！",0,0,0,0,0,@81414eb2504f95324d88f8229001a188,8
114,,0,0,0,朝阳,1,,,/cgi-bin/mmwebwx-bin/webwxgeticon?seq=680952202&username=@e095e087d9cfdde84e6b15b92eb450e2&skey=@crypt_66beaad_7489847fe7bbe92e5ce6e72039801ce8,0,0,gh_,0,[],毕导,0,BD,bidao,北京,,,,0,处女座的理工男，专注于用科学一本正经地胡说八道,0,0,0,0,0,@e095e087d9cfdde84e6b15b92eb450e2,24
115,,0,0,0,杭州,1,,,/cgi-bin/mmwebwx-bin/webwxgeticon?seq=680940438&username=@3a930ee70e368d6990556b8a5c6c8c1e&skey=@crypt_66beaad_7489847fe7bbe92e5ce6e72039801ce8,0,0,gh_,0,[],木塔营地,0,MTYD,mutayingde,浙江,,,,0,"木塔与天空<span class=""emoji emojiae""></span>通过营地教育（CAMP SCHOOL）的方式为中国青少年提供基于项目制(PBL)、跨学科（STEAM）和体验式(LTP)的素质教育课程和活动，引导他们在安全并富有创造性的环中境探究自我、相互合作，培养面向未来并可转移的能力。",0,0,0,0,0,@3a930ee70e368d6990556b8a5c6c8c1e,24
116,,0,0,0,深圳,1,,,/cgi-bin/mmwebwx-bin/webwxgeticon?seq=680967078&username=@968a6f769eced3d82c37f0b84d81aaee&skey=@crypt_66beaad_7489847fe7bbe92e5ce6e72039801ce8,0,0,gh_,0,[],心声社区,0,XSSO,xinshengsheou,广东,,,,0,跟随心声，自在沟通！欢迎下载心声移动app，http://xinsheng.huawei.com/cn/m/download,0,0,0,0,0,@968a6f769eced3d82c37f0b84d81aaee,8
117,,0,0,0,杭州,1,,,/cgi-bin/mmwebwx-bin/webwxgeticon?seq=680887569&username=@5f7de8d5b289f851b42fd11c99d7fe27&skey=@crypt_66beaad_7489847fe7bbe92e5ce6e72039801ce8,0,0,gh_,0,[],龙湖杭州滨江天街,0,LHHZBJTJ,longhuhangzhoubinjiangtianjie,浙江,,,,0,24万O购物中心，300多家时尚潮流品牌，拥有CGV中国旗舰店，全明星真冰冰场，永辉精品超市！3大主题空间，满足你对“乐享潮生活”的追求！,0,0,0,0,0,@5f7de8d5b289f851b42fd11c99d7fe27,24
118,,0,0,0,广州,1,,,/cgi-bin/mmwebwx-bin/webwxgeticon?seq=680975364&username=@ee95067e44465a5c33599fdbe8796b58&skey=@crypt_66beaad_7489847fe7bbe92e5ce6e72039801ce8,0,0,gh_,0,[],老蛮数据透析站,0,LMSJTXZ,laomanshujutouxizhan,广东,,,,0,老蛮出品，必属精品。,0,0,0,0,0,@ee95067e44465a5c33599fdbe8796b58,8
119,,0,0,0,浦东新区,3,,,/cgi-bin/mmwebwx-bin/webwxgeticon?seq=628074883&username=@f50733b8fd64cf0430caa5e87dcf018a&skey=@crypt_66beaad_7489847fe7bbe92e5ce6e72039801ce8,0,0,gh_,0,[],中宏保险,0,ZHBX,zhonghongbaoxian,上海,,,,0,中宏保险官方客户服务平台,0,0,0,0,0,@f50733b8fd64cf0430caa5e87dcf018a,24
120,,0,0,0,杭州,1,,,/cgi-bin/mmwebwx-bin/webwxgeticon?seq=680987755&username=@e6e2aad3dffebba56c3de77d44a91bc7&skey=@crypt_66beaad_7489847fe7bbe92e5ce6e72039801ce8,0,0,gh_,0,[],依山依市美景餐厅,0,YSYSMJCT,yishanyishimeijingcanting,浙江,,,,0,如果可以，来最高的餐厅谈场恋爱,0,0,0,0,0,@e6e2aad3dffebba56c3de77d44a91bc7,24
121,,0,0,0,杭州,1,,,/cgi-bin/mmwebwx-bin/webwxgeticon?seq=681003351&username=@1b8014fcfa73c7404b5831cfb57be9ea&skey=@crypt_66beaad_7489847fe7bbe92e5ce6e72039801ce8,0,0,gh_,0,[],AICUG人工智能用户组,0,AICUGRGZNYHZ,AICUGrengongzhinengyonghuzu,浙江,,,,0,"AICUG人工智能技术社区（www.aicug.cn）, 是覆盖全球的AI开发者技术社区，总部位于杭州，分部位于美国硅谷。我们的使命是做全球AI技术的国际传播交流使者。每月在中国和美国举办多场线上、线下技术分享。",0,0,0,0,0,@1b8014fcfa73c7404b5831cfb57be9ea,8
122,,0,0,0,南京,1,,,/cgi-bin/mmwebwx-bin/webwxgeticon?seq=680883254&username=@37e2aad349f874b87aeb34671ce32951&skey=@crypt_66beaad_7489847fe7bbe92e5ce6e72039801ce8,0,0,gh_,0,[],百格活动,0,BGHD,baigehuodong,江苏,,,,0,活动管理，活动服务，电子门票，让您的活动更简单,0,0,0,0,0,@37e2aad349f874b87aeb34671ce32951,24
123,,0,0,0,海淀,1,,,/cgi-bin/mmwebwx-bin/webwxgeticon?seq=681017104&username=@d0e96303e32628d55d903fb99df895b6&skey=@crypt_66beaad_7489847fe7bbe92e5ce6e72039801ce8,0,0,gh_,0,[],APICloud,0,APICLOUD,APICloud,北京,,,,0,APICloud是中国领先的企业互联网化生态平台，通过拥有核心知识产权的混合app开发技术帮助企业快速实现移动互联网布局，并以生态之力为开发者提供全面技术服务；,0,0,0,0,0,@d0e96303e32628d55d903fb99df895b6,24
124,,0,0,0,深圳,3,,,/cgi-bin/mmwebwx-bin/webwxgeticon?seq=681032024&username=@cd32f814ece937723139091f4e7b73b7&skey=@crypt_66beaad_7489847fe7bbe92e5ce6e72039801ce8,0,0,gh_,0,[],全球企业动态,0,QQQYDT,quanqiuqiyedongtai,广东,,,,0,介绍全球大型企业最新的经营动态，财报信息，企业合并收购信息。,0,0,0,0,0,@cd32f814ece937723139091f4e7b73b7,24
125,,0,0,0,深圳,1,,,/cgi-bin/mmwebwx-bin/webwxgeticon?seq=681032229&username=@13ac5322cf6dd8be1089d6956dcb015d&skey=@crypt_66beaad_7489847fe7bbe92e5ce6e72039801ce8,0,0,gh_,0,[],童喜乐互动教育,0,TXYHDJY,tongxiyuehudongjiaoyu,广东,,,,0,"深圳市鹰童文化科技有限公司是专注于开发、销售AR（增强现实）、VR（虚拟现实）儿童互动教育产品的文化科技公司。拥有自已的图书文化品牌""童喜乐""。鹰童文化科技致力于儿童互动教育出版市场的领航者。",0,0,0,0,0,@13ac5322cf6dd8be1089d6956dcb015d,8
126,,0,0,0,,1,,,/cgi-bin/mmwebwx-bin/webwxgeticon?seq=681045628&username=@a10d4c0ee0351133ffbc3bcb764593ea&skey=@crypt_66beaad_7489847fe7bbe92e5ce6e72039801ce8,0,0,gh_,0,[],江南智慧校园,0,JNZHXY,jiangnazhihuixiaoyuan,,,,,0,关注后可在微信中接收江南智慧校园的企业通知和使用企业应用,0,0,0,0,0,@a10d4c0ee0351133ffbc3bcb764593ea,24
127,,0,0,0,,3,,,/cgi-bin/mmwebwx-bin/webwxgeticon?seq=681045637&username=@691b78385dd35bd4d3ada83b58c392ba&skey=@crypt_66beaad_7489847fe7bbe92e5ce6e72039801ce8,0,0,gh_,0,[],企业小助手,0,QYXZS,qiyexiaozhushou,,,,,0,江南智慧校园,0,0,0,0,0,@691b78385dd35bd4d3ada83b58c392ba,8
128,,0,0,0,杭州,1,,,/cgi-bin/mmwebwx-bin/webwxgeticon?seq=681058977&username=@2be887be524406a027b0bcebbfcec888&skey=@crypt_66beaad_7489847fe7bbe92e5ce6e72039801ce8,0,0,gh_,0,[],海码爸爸,0,HMBB,haimababa,浙江,,,,0,网易卡搭编程官方工作室。 这里有最全的少儿编程干货，最新的教育新闻，最走心的资源分享～,0,0,0,0,0,@2be887be524406a027b0bcebbfcec888,8
129,,0,0,0,杨浦,1,,,/cgi-bin/mmwebwx-bin/webwxgeticon?seq=681065889&username=@07bbb6d5bdba0c71ef0ff3f820909d58&skey=@crypt_66beaad_7489847fe7bbe92e5ce6e72039801ce8,0,0,gh_,0,[],软件质量报道,0,RJZLBD,ruanjianzhiliangbaodao,上海,,,,0,作为软件质量领域的资深人士，愿意分享软件质量管理的经验，包括软件测试的方法、技术与最佳实践，同时及时报道软件质量成功案例、软件中所存在的质量问题，随时回答大家有关软件质量管理与改进等各方面的任何问题。,0,0,0,0,0,@07bbb6d5bdba0c71ef0ff3f820909d58,8
130,,0,0,0,海淀,1,,,/cgi-bin/mmwebwx-bin/webwxgeticon?seq=681066567&username=@0aa26c51899f3ddce68adc4b08af17fd&skey=@crypt_66beaad_7489847fe7bbe92e5ce6e72039801ce8,0,0,gh_,0,[],孙贺讲学习方法,0,SHJXXFF,sunhejiangxuexifangfa,北京,,,,0,成长有两种方式，一种是读书，一种是向其他人学习。虽然成功无法复制，但都会留下蛛丝马迹。我们该发现这些蛛丝马迹，并归纳总结为自己的方法论,0,0,0,0,0,@0aa26c51899f3ddce68adc4b08af17fd,8
131,,0,0,0,朝阳,1,,,/cgi-bin/mmwebwx-bin/webwxgeticon?seq=680906278&username=@5c62fa50fc277bff25e30a782d84be07b19140255f0973ef3c8ec8bf4d36a452&skey=@crypt_66beaad_7489847fe7bbe92e5ce6e72039801ce8,0,0,,0,[],果壳,0,GK,guoke,北京,,,,0,科学和技术，是我们和这个世界对话所用的语言。,0,0,0,0,0,@5c62fa50fc277bff25e30a782d84be07b19140255f0973ef3c8ec8bf4d36a452,24
132,,0,0,0,,1,,,/cgi-bin/mmwebwx-bin/webwxgeticon?seq=681100559&username=@8c5c46246e21e1f7f0ebea97f8a5195c&skey=@crypt_66beaad_7489847fe7bbe92e5ce6e72039801ce8,0,0,gh_,0,[],工y洲,0,GYYZ,gongyinyazhou,Kwun Tong,,,,0,通^P注工y洲官方~，一手掌握最新y行Yc@喜惠，第一rgt解各y行I眨SrS地尊享我行N心服铡＞凑立即P注，便捷cN心常伴您左右。,0,0,0,0,0,@8c5c46246e21e1f7f0ebea97f8a5195c,24
133,,0,0,0,杭州,1,,,/cgi-bin/mmwebwx-bin/webwxgeticon?seq=681114726&username=@1b6bfe473610d75bd64a120d1bba044b&skey=@crypt_66beaad_7489847fe7bbe92e5ce6e72039801ce8,0,0,gh_,0,[],极伽时光,0,JGSG,jigashiguang,浙江,,,,0,【极伽咖啡】官方服务号，传播咖啡文化、分享咖啡知识、不定期推出劲爆活动。愿一杯咖啡传递我们彼此间的真情，拒绝调戏，欢迎品尝！,0,0,0,0,0,@1b6bfe473610d75bd64a120d1bba044b,24
134,,0,0,0,海淀,1,,,/cgi-bin/mmwebwx-bin/webwxgeticon?seq=681122312&username=@10f5b0b3f2fcfd4fa819cdfeea67ffa4&skey=@crypt_66beaad_7489847fe7bbe92e5ce6e72039801ce8,0,0,gh_,0,[],我的发票,0,WDFP,wodefapiao,北京,,,,0,我的发票针对个人消费者，集发票查验、摇奖、归集和发票名片等核心功能于一体，致力于为消费者提供全方位的发票服务。,0,0,0,0,0,@10f5b0b3f2fcfd4fa819cdfeea67ffa4,24
135,,0,0,0,徐汇,1,,,/cgi-bin/mmwebwx-bin/webwxgeticon?seq=681122620&username=@ebad41cf9b3e99eefd00a08f584b8215&skey=@crypt_66beaad_7489847fe7bbe92e5ce6e72039801ce8,0,0,gh_,0,[],一起连咖啡,0,YQLGF,yiqiliangafei,上海,,,,0,与你分享Coffee Box连咖啡的每一个精彩瞬间。,0,0,0,0,0,@ebad41cf9b3e99eefd00a08f584b8215,24
136,,0,0,0,杭州,1,,,/cgi-bin/mmwebwx-bin/webwxgeticon?seq=681144004&username=@a2dbcb6ebd4ecf838de3a172a0fe8fc8&skey=@crypt_66beaad_7489847fe7bbe92e5ce6e72039801ce8,0,0,gh_,0,[],大少的脑洞,0,DSDND,dashaodenaodong,浙江,,,,0,何的日常思考随笔，记录日常生活中的思考总结，自省，感悟，点点滴滴。,0,0,0,0,0,@a2dbcb6ebd4ecf838de3a172a0fe8fc8,8
137,,0,0,0,海淀,1,,,/cgi-bin/mmwebwx-bin/webwxgeticon?seq=678734951&username=@275ad91643e1dfa14e4d57d81f9889b7&skey=@crypt_66beaad_7489847fe7bbe92e5ce6e72039801ce8,0,0,gh_,0,[],学而思网校,0,XESWX,xueersaiwangxiao,北京,,,,0,学而思网校官方服务号，致力于服务新老用户的服务平台。我们将为您提供直播提醒、听课购课、优惠活动、新鲜事等服务。学而思网校，在线学习更有效。,0,0,0,0,0,@275ad91643e1dfa14e4d57d81f9889b7,24
138,,0,0,0,杭州,1,,,/cgi-bin/mmwebwx-bin/webwxgeticon?seq=681170809&username=@bce2990d7bb0733234415a7a8d5f1bce&skey=@crypt_66beaad_7489847fe7bbe92e5ce6e72039801ce8,0,0,gh_,0,[],中国石化销售股份浙江石油分公司,0,ZGSHXSGFZJSYFGS,zhongguoshihuaxiaoshougufenzhejiangshiyoufengongsi,浙江,,,,0,【中国石化浙江官方账号】：每个人的成功，都需要不断的加油；每个来加油的人，都在通往成功的路上。我们一路等候，为您加油！,0,0,0,0,0,@bce2990d7bb0733234415a7a8d5f1bce,24
139,,0,0,0,徐汇,1,,,/cgi-bin/mmwebwx-bin/webwxgeticon?seq=681171007&username=@afebca0ab0a198aa3ab1ee15c15fc8d2&skey=@crypt_66beaad_7489847fe7bbe92e5ce6e72039801ce8,0,0,gh_,0,[],爸妈营,0,BMY,bamaying,上海,,,,0,0-16岁 亲子生活专家，分享最新、最热的教育、旅行、生活、购物资讯！10000篇知识库，50万册分龄童书、15000部分龄电影动画片、2000个亲子游、游学目的地！帮爸妈，省心、省力、省钱！,0,0,0,0,0,@afebca0ab0a198aa3ab1ee15c15fc8d2,24
140,,0,0,0,青岛,1,,,/cgi-bin/mmwebwx-bin/webwxgeticon?seq=681016012&username=@f640b384b982a810c57c72b233dfb93d&skey=@crypt_66beaad_7489847fe7bbe92e5ce6e72039801ce8,0,0,gh_,0,[],影探,0,YT,yingtan,山东,,,,0,美剧资深鉴赏员，电影专业老司机，推荐真正好看的影视作品，日剧韩剧也是不会错过的！,0,0,0,0,0,@f640b384b982a810c57c72b233dfb93d,24
141,,0,0,0,杭州,1,,,/cgi-bin/mmwebwx-bin/webwxgeticon?seq=681174654&username=@d7d3f769d33dd064acc460e26ea82c11&skey=@crypt_66beaad_7489847fe7bbe92e5ce6e72039801ce8,0,0,gh_,0,[],新注册公众号,0,XZCGZH,xinzhucegongzhonghao,浙江,,,,0,东方郡业委会、监督委公众号平台，用于发布东方郡两委的公示公告、维修工程、财务审计等信息，是东方郡业主了解两委工作信息，监督公共收益、财务支出的重要渠道。,0,0,0,0,0,@d7d3f769d33dd064acc460e26ea82c11,8
142,,0,0,0,西城,1,,,/cgi-bin/mmwebwx-bin/webwxgeticon?seq=681188731&username=@2ba3e6705a49a3cc11a24870b8cec4bc&skey=@crypt_66beaad_7489847fe7bbe92e5ce6e72039801ce8,0,0,gh_,0,[],统计年鉴数据库,0,TJNJSJK,tongjinianjianshujuku,北京,,,,0,本数据库为国家统计局中国统计出版社历年各种统计年鉴和资料汇编而成。,0,0,0,0,0,@2ba3e6705a49a3cc11a24870b8cec4bc,24
143,,0,0,0,广州,1,,,/cgi-bin/mmwebwx-bin/webwxgeticon?seq=681192060&username=@d31c912b32b042fd524f21cc0a30f3de&skey=@crypt_66beaad_7489847fe7bbe92e5ce6e72039801ce8,0,0,gh_,0,[],武志红,0,WZH,wuzhihong,广东,,,,0,资深心理咨询师，得到热门专栏《拥有一个你说了算的人生》作者，著有畅销书《为何家会伤人》、《为何爱会伤人》等，微博：@武志红。现于北上广深杭厦门成都苏州南京青岛10个城市开办了武志红心理咨询中心,0,0,0,0,0,@d31c912b32b042fd524f21cc0a30f3de,24
144,,0,0,0,松江,1,,,/cgi-bin/mmwebwx-bin/webwxgeticon?seq=693355255&username=@98aeb840ede9db42f2bdc63157407cf3&skey=@crypt_66beaad_7489847fe7bbe92e5ce6e72039801ce8,0,0,gh_,0,[],芬兰吧,0,FLB,fenlanba,上海,,,,0,芬兰教育智库。,0,0,0,0,0,@98aeb840ede9db42f2bdc63157407cf3,8
145,,0,0,0,海淀,1,,,/cgi-bin/mmwebwx-bin/webwxgeticon?seq=693357379&username=@6b99c7fa1183f9d9ada88276860c7767&skey=@crypt_66beaad_7489847fe7bbe92e5ce6e72039801ce8,0,0,gh_,0,[],地球知识局,0,DQZSJ,deqiuzhishiju,北京,,,,0,人文+地理+设计=全球视野新三观,0,0,0,0,0,@6b99c7fa1183f9d9ada88276860c7767,8
146,,0,0,0,朝阳,1,,,/cgi-bin/mmwebwx-bin/webwxgeticon?seq=693358632&username=@85f161d56b6f3acb6be852513e831e22&skey=@crypt_66beaad_7489847fe7bbe92e5ce6e72039801ce8,0,0,gh_,0,[],东七门,0,DQM,dongqimen,北京,,,,0,年轻人独特的观点聚集地。,0,0,0,0,0,@85f161d56b6f3acb6be852513e831e22,24
147,,0,0,0,徐汇,1,,,/cgi-bin/mmwebwx-bin/webwxgeticon?seq=693361597&username=@28c1decd6f92c6d76daab51fe717a478&skey=@crypt_66beaad_7489847fe7bbe92e5ce6e72039801ce8,0,0,gh_,0,[],小寻实验室,0,XXSYS,xiaoxunshiyanshi,上海,,,,0,小寻科技经营数码设备、轮滑鞋、头盔护具等产品，是一家专注于黑科技的小米生态链公司。,0,0,0,0,0,@28c1decd6f92c6d76daab51fe717a478,24
148,,0,0,0,深圳,1,,,/cgi-bin/mmwebwx-bin/webwxgeticon?seq=693368499&username=@e140586cb880cbf3754507af060cf66f&skey=@crypt_66beaad_7489847fe7bbe92e5ce6e72039801ce8,0,0,gh_,0,[],该帐号已注销,0,GZHYZX,gaizhanghaoyizhuxiao,广东,,,,0,,0,0,0,0,0,@e140586cb880cbf3754507af060cf66f,8
149,,0,0,0,成都,1,,,/cgi-bin/mmwebwx-bin/webwxgeticon?seq=693370298&username=@3d0219199ade75318d28808bd0c67c22&skey=@crypt_66beaad_7489847fe7bbe92e5ce6e72039801ce8,0,0,gh_,0,[],蛋糕英语训练营,0,DGYYXLY,dangaoyingyuxunlianying,四川,,,,0,专注英语教育9年，我们专门为5-12岁孩子打造系统英语课。已有901367个家长报名，为孩子提升英语拼读和阅读能力。100天课程仅需199元。【现在关注】即可免费体验！,0,0,0,0,0,@3d0219199ade75318d28808bd0c67c22,24
150,,0,0,0,广州,3,,,/cgi-bin/mmwebwx-bin/webwxgeticon?seq=631150347&username=@fa5591a5c14c8a902b808b81c758d8d3&skey=@crypt_66beaad_7489847fe7bbe92e5ce6e72039801ce8,0,0,gh_,0,[],广发银行,0,GFYX,guangfayinxing,广东,,,,0,智慧金融，广发中国！广发银行官方平台为您提供账户查询、个贷申请、理财服务、借记卡和信用卡申请办理等便捷服务，还有更多资讯与优惠定时推出，赶紧关注吧！,0,0,0,0,0,@fa5591a5c14c8a902b808b81c758d8d3,24
151,,0,0,0,杭州,1,,,/cgi-bin/mmwebwx-bin/webwxgeticon?seq=693417170&username=@bbcdc2a8705d72b8a2c21c8db6aee846&skey=@crypt_66beaad_7489847fe7bbe92e5ce6e72039801ce8,0,0,gh_,0,[],爱分享的老辣椒,0,AFXDLLJ,aifenxiangdelaolajiao,浙江,,,,0,2019年给自己定了一个目标：总结过去十几年的工作经验，结合理论学习，武装自己成为一个合格的项目经理。同时，考虑把项目管理相关的经验跨界到家庭。读书和思考就成了其中的一个日常，读完书记录下自己的思考，分享出来也就自然而然的事儿。,0,0,0,0,0,@bbcdc2a8705d72b8a2c21c8db6aee846,8
152,,0,0,0,浦东新区,1,,,/cgi-bin/mmwebwx-bin/webwxgeticon?seq=693419740&username=@68f8cffe40fa3b7e081d1a2dceb6df3a&skey=@crypt_66beaad_7489847fe7bbe92e5ce6e72039801ce8,0,0,gh_,0,[],挖地兔,0,WDT,wadetu,上海,,,,0,Tushare金融大数据开放社区，为用户提供数据全流程服务，打开量化金融的第一扇大门。,0,0,0,0,0,@68f8cffe40fa3b7e081d1a2dceb6df3a,8
153,,0,0,0,,1,,,/cgi-bin/mmwebwx-bin/webwxgeticon?seq=679126289&username=@00664ad4ea616043688e1a385bae2831&skey=@crypt_66beaad_7489847fe7bbe92e5ce6e72039801ce8,0,0,gh_,0,[],CGV影城,0,CGVYC,CGVyingcheng,上海,,,,0,CGV影城官方账号，分享电影资讯，提供电影购票、快速配餐、会员优惠活动！,0,0,0,0,0,@00664ad4ea616043688e1a385bae2831,24
154,,0,0,0,普陀,1,,,/cgi-bin/mmwebwx-bin/webwxgeticon?seq=693463215&username=@394fb4f8a4d2a46d7a1a3ef3d4f8f065&skey=@crypt_66beaad_7489847fe7bbe92e5ce6e72039801ce8,0,0,gh_,0,[],小姐姐晚盘,0,XJJWP,xiaojiejiewanpan,上海,,,,0,晚间重点信息公告提炼、复盘备选,0,0,0,0,0,@394fb4f8a4d2a46d7a1a3ef3d4f8f065,8
155,,0,0,0,杭州,1,,,/cgi-bin/mmwebwx-bin/webwxgeticon?seq=693467758&username=@2ed35b5012880e5c4e33f43db724faab&skey=@crypt_66beaad_7489847fe7bbe92e5ce6e72039801ce8,0,0,gh_,0,[],一非子,0,YFZ,yifeizi,浙江,,,,0,当仓库用。收集的数据和信息都丢这里了。,0,0,0,0,0,@2ed35b5012880e5c4e33f43db724faab,8
156,,0,0,0,东城,1,,,/cgi-bin/mmwebwx-bin/webwxgeticon?seq=693479049&username=@c1af8ded810d46404686428c3e40e8e5&skey=@crypt_66beaad_7489847fe7bbe92e5ce6e72039801ce8,0,0,gh_,0,[],广州本地宝,0,GZBDB,guangzhoubendebao,北京,,,,0,致力于为广州用户提供精准的本地生活资讯信息，办事指南、民生热点、实用信息、新鲜活动、游玩攻略等一网打尽。,0,0,0,0,0,@c1af8ded810d46404686428c3e40e8e5,24
157,,0,0,0,深圳,1,,,/cgi-bin/mmwebwx-bin/webwxgeticon?seq=681017607&username=@6a34b640f06798f782670859ae2cd37c&skey=@crypt_66beaad_7489847fe7bbe92e5ce6e72039801ce8,0,0,gh_,0,[],UMind,0,UMIND,UMind,广东,,,,0,专注脑电波探究大脑秘密，提供脑电波、脑健康、脑科学相关资讯。,0,0,0,0,0,@6a34b640f06798f782670859ae2cd37c,24
158,,0,0,0,深圳,1,,,/cgi-bin/mmwebwx-bin/webwxgeticon?seq=693372594&username=@907ab08b710231324540111f2acc4857&skey=@crypt_66beaad_7489847fe7bbe92e5ce6e72039801ce8,0,0,gh_,0,[],杭州本地宝,0,HZBDB,hangzhoubendebao,广东,,,,0,旅游、活动、资讯、办事、生活提醒……在这里都能找到！杭州本地宝不定期不定型推送有用好玩的资讯！,0,0,0,0,0,@907ab08b710231324540111f2acc4857,24
159,,0,0,0,朝阳,1,,,/cgi-bin/mmwebwx-bin/webwxgeticon?seq=693510957&username=@a3b07b1ebd545994a468a1e87a1644cc&skey=@crypt_66beaad_7489847fe7bbe92e5ce6e72039801ce8,0,0,gh_,0,[],人民日报,0,RMRB,renminribao,北京,,,,0,参与、沟通、记录时代。,0,0,0,0,0,@a3b07b1ebd545994a468a1e87a1644cc,24
160,,0,0,0,西城,3,,,/cgi-bin/mmwebwx-bin/webwxgeticon?seq=693511070&username=@659c457052079fc452e4bcc8aac37e93&skey=@crypt_66beaad_7489847fe7bbe92e5ce6e72039801ce8,0,0,gh_,0,[],新华社,0,XHS,xinhuashe,北京,,,,0,新华通讯社官方账号。新华社是中国国家通讯社，现场新闻、原创新闻报道的大本营。,0,0,0,0,0,@659c457052079fc452e4bcc8aac37e93,24
161,,0,0,0,,1,,,/cgi-bin/mmwebwx-bin/webwxgeticon?seq=693512141&username=@c3d357e4666f9779d0a8322860b26efd&skey=@crypt_66beaad_7489847fe7bbe92e5ce6e72039801ce8,0,0,gh_,0,[],玩物立志,0,WWLZ,wanwulizhi,浙江,,,,0,这是一个野生的STEAM教育俱乐部。,0,0,0,0,0,@c3d357e4666f9779d0a8322860b26efd,24
162,,0,0,0,,1,,,/cgi-bin/mmwebwx-bin/webwxgeticon?seq=693518717&username=@30395bc50bce6bd79c5cd11043939674&skey=@crypt_66beaad_7489847fe7bbe92e5ce6e72039801ce8,0,0,gh_,0,[],中国石化,0,ZGSH,zhongguoshihua,北京,,,,0,我是小石头，开门办企，传递资讯，真诚沟通，分享建议，尽在中国石化！,0,0,0,0,0,@30395bc50bce6bd79c5cd11043939674,24
163,,0,0,0,,1,,,/cgi-bin/mmwebwx-bin/webwxgeticon?seq=681129192&username=@552f6a2a7da9c5ce26e910396051fe40&skey=@crypt_66beaad_7489847fe7bbe92e5ce6e72039801ce8,0,0,gh_,0,[],诺基亚贝尔人,0,NJYBER,nuojiyabeierren,,,,,0,公司内部新闻传播、信息发布、互动交流。,0,0,0,0,0,@552f6a2a7da9c5ce26e910396051fe40,24
164,,0,0,0,,3,,,/cgi-bin/mmwebwx-bin/webwxgeticon?seq=681129198&username=@94d40ae2026c4617ff6d187df8333908&skey=@crypt_66beaad_7489847fe7bbe92e5ce6e72039801ce8,0,0,gh_,0,[],诺基亚贝尔人消息,0,NJYBERXX,nuojiyabeierrenxiaoxi,,,,,0,消息服务，帮你在微信中接收企业内部聊天消息。,0,0,0,0,0,@94d40ae2026c4617ff6d187df8333908,8
165,,0,0,0,,3,,,/cgi-bin/mmwebwx-bin/webwxgeticon?seq=681129198&username=@94d40ae2026c4617ff6d187df8333908&skey=@crypt_66beaad_7489847fe7bbe92e5ce6e72039801ce8,0,0,gh_,0,[],诺基亚贝尔人消息,0,NJYBERXX,nuojiyabeierrenxiaoxi,,,,,0,消息服务，帮你在微信中接收企业内部聊天消息。,0,0,0,0,0,@94d40ae2026c4617ff6d187df8333908,8
166,,0,0,0,,3,,,/cgi-bin/mmwebwx-bin/webwxgeticon?seq=681129216&username=@9c8e8d5efdd9e4f1e02a26d6f07ac284&skey=@crypt_66beaad_7489847fe7bbe92e5ce6e72039801ce8,0,0,gh_,0,[],围观游学营,0,WGYXY,weiguanyouxueying,,,,,0,围观游学营,0,0,0,0,0,@9c8e8d5efdd9e4f1e02a26d6f07ac284,8
167,,0,0,0,,3,,,/cgi-bin/mmwebwx-bin/webwxgeticon?seq=681129216&username=@9c8e8d5efdd9e4f1e02a26d6f07ac284&skey=@crypt_66beaad_7489847fe7bbe92e5ce6e72039801ce8,0,0,gh_,0,[],围观游学营,0,WGYXY,weiguanyouxueying,,,,,0,围观游学营,0,0,0,0,0,@9c8e8d5efdd9e4f1e02a26d6f07ac284,8
168,,0,0,0,,3,,,/cgi-bin/mmwebwx-bin/webwxgeticon?seq=681129214&username=@aa6221819392d850c0d463451570cd84&skey=@crypt_66beaad_7489847fe7bbe92e5ce6e72039801ce8,0,0,gh_,0,[],新闻坊,0,XWF,xinwenfang,,,,,0,这里精选每日最新行业时事新闻的“坊间快讯”，更有风趣幽默的“一只耳”热点播报，欢迎关注！,0,0,0,0,0,@aa6221819392d850c0d463451570cd84,8
169,,0,0,0,,3,,,/cgi-bin/mmwebwx-bin/webwxgeticon?seq=681129214&username=@aa6221819392d850c0d463451570cd84&skey=@crypt_66beaad_7489847fe7bbe92e5ce6e72039801ce8,0,0,gh_,0,[],新闻坊,0,XWF,xinwenfang,,,,,0,这里精选每日最新行业时事新闻的“坊间快讯”，更有风趣幽默的“一只耳”热点播报，欢迎关注！,0,0,0,0,0,@aa6221819392d850c0d463451570cd84,8
170,,0,0,0,,3,,,/cgi-bin/mmwebwx-bin/webwxgeticon?seq=681129212&username=@e1f917be9923e29ddc6aa51e73e33e14&skey=@crypt_66beaad_7489847fe7bbe92e5ce6e72039801ce8,0,0,gh_,0,[],大话北展,0,DHBZ,dahuabeizhan,,,,,0,直击北展,0,0,0,0,0,@e1f917be9923e29ddc6aa51e73e33e14,8
171,,0,0,0,,3,,,/cgi-bin/mmwebwx-bin/webwxgeticon?seq=681129212&username=@e1f917be9923e29ddc6aa51e73e33e14&skey=@crypt_66beaad_7489847fe7bbe92e5ce6e72039801ce8,0,0,gh_,0,[],大话北展,0,DHBZ,dahuabeizhan,,,,,0,直击北展,0,0,0,0,0,@e1f917be9923e29ddc6aa51e73e33e14,8
172,,0,0,0,,3,,,/cgi-bin/mmwebwx-bin/webwxgeticon?seq=681129213&username=@088ad1540dbb01f55fd7105422b59a1b&skey=@crypt_66beaad_7489847fe7bbe92e5ce6e72039801ce8,0,0,gh_,0,[],世界移动大会,0,SJYDDH,shijieyidongdahui,,,,,0,世界移动大会,0,0,0,0,0,@088ad1540dbb01f55fd7105422b59a1b,8
173,,0,0,0,,3,,,/cgi-bin/mmwebwx-bin/webwxgeticon?seq=681129213&username=@088ad1540dbb01f55fd7105422b59a1b&skey=@crypt_66beaad_7489847fe7bbe92e5ce6e72039801ce8,0,0,gh_,0,[],世界移动大会,0,SJYDDH,shijieyidongdahui,,,,,0,世界移动大会,0,0,0,0,0,@088ad1540dbb01f55fd7105422b59a1b,8
174,,0,0,0,,3,,,/cgi-bin/mmwebwx-bin/webwxgeticon?seq=681129203&username=@a25c6564dfb4cbb31481ecd9be5c186f&skey=@crypt_66beaad_7489847fe7bbe92e5ce6e72039801ce8,0,0,gh_,0,[],综合报道,0,ZHBD,zenghebaodao,,,,,0,综合报道,0,0,0,0,0,@a25c6564dfb4cbb31481ecd9be5c186f,8
175,,0,0,0,,3,,,/cgi-bin/mmwebwx-bin/webwxgeticon?seq=681129203&username=@a25c6564dfb4cbb31481ecd9be5c186f&skey=@crypt_66beaad_7489847fe7bbe92e5ce6e72039801ce8,0,0,gh_,0,[],综合报道,0,ZHBD,zenghebaodao,,,,,0,综合报道,0,0,0,0,0,@a25c6564dfb4cbb31481ecd9be5c186f,8
176,,0,0,0,,3,,,/cgi-bin/mmwebwx-bin/webwxgeticon?seq=681129211&username=@7f68b843e08b2facc0e9503ba0257d4f&skey=@crypt_66beaad_7489847fe7bbe92e5ce6e72039801ce8,0,0,gh_,0,[],齐心创未来,0,QXCWL,qixinchuangweilai,,,,,0,热烈庆祝诺基亚和中国华信签约成立新公司-上海诺基亚贝尔股份有限公司。,0,0,0,0,0,@7f68b843e08b2facc0e9503ba0257d4f,8
177,,0,0,0,,3,,,/cgi-bin/mmwebwx-bin/webwxgeticon?seq=681129211&username=@7f68b843e08b2facc0e9503ba0257d4f&skey=@crypt_66beaad_7489847fe7bbe92e5ce6e72039801ce8,0,0,gh_,0,[],齐心创未来,0,QXCWL,qixinchuangweilai,,,,,0,热烈庆祝诺基亚和中国华信签约成立新公司-上海诺基亚贝尔股份有限公司。,0,0,0,0,0,@7f68b843e08b2facc0e9503ba0257d4f,8
178,,0,0,0,,3,,,/cgi-bin/mmwebwx-bin/webwxgeticon?seq=681191543&username=@c8d119f8a4de555017c17a49fd9d4db8&skey=@crypt_66beaad_7489847fe7bbe92e5ce6e72039801ce8,0,0,gh_,0,[],ION MAN,0,IONMAN,IONMAN,,,,,0,ION MAN,0,0,0,0,0,@c8d119f8a4de555017c17a49fd9d4db8,8
179,,0,0,0,,3,,,/cgi-bin/mmwebwx-bin/webwxgeticon?seq=681129219&username=@6b362cf386b7a75de70ada673e438cc3&skey=@crypt_66beaad_7489847fe7bbe92e5ce6e72039801ce8,0,0,gh_,0,[],社会责任,0,SHZR,shehuizeren,,,,,0,社会责任,0,0,0,0,0,@6b362cf386b7a75de70ada673e438cc3,8
180,,0,0,0,,3,,,/cgi-bin/mmwebwx-bin/webwxgeticon?seq=681129222&username=@22b7a51caffa4dde7c7d3273c932abb3&skey=@crypt_66beaad_7489847fe7bbe92e5ce6e72039801ce8,0,0,gh_,0,[],安全健康直通车,0,AQJKZTC,anquanjiankangzhitongche,,,,,0,安全健康直通车,0,0,0,0,0,@22b7a51caffa4dde7c7d3273c932abb3,8
181,,0,0,0,,3,,,/cgi-bin/mmwebwx-bin/webwxgeticon?seq=681129227&username=@d4d160443ff746e56eb0a9b3b7163a7b&skey=@crypt_66beaad_7489847fe7bbe92e5ce6e72039801ce8,0,0,gh_,0,[],诺基亚贝尔司歌,0,NJYBESG,nuojiyabeiersige,,,,,0,司歌大赛正式开启,0,0,0,0,0,@d4d160443ff746e56eb0a9b3b7163a7b,8
182,,0,0,0,,3,,,/cgi-bin/mmwebwx-bin/webwxgeticon?seq=681129227&username=@d4d160443ff746e56eb0a9b3b7163a7b&skey=@crypt_66beaad_7489847fe7bbe92e5ce6e72039801ce8,0,0,gh_,0,[],诺基亚贝尔司歌,0,NJYBESG,nuojiyabeiersige,,,,,0,司歌大赛正式开启,0,0,0,0,0,@d4d160443ff746e56eb0a9b3b7163a7b,8
183,,0,0,0,,3,,,/cgi-bin/mmwebwx-bin/webwxgeticon?seq=681129230&username=@5ea29ad0ef1d6c5c94dd5c113e4f565d&skey=@crypt_66beaad_7489847fe7bbe92e5ce6e72039801ce8,0,0,gh_,0,[],创新之路,0,CXZL,chuangxinzhilu,,,,,0,创新之路,0,0,0,0,0,@5ea29ad0ef1d6c5c94dd5c113e4f565d,8
184,,0,0,0,,3,,,/cgi-bin/mmwebwx-bin/webwxgeticon?seq=681129232&username=@84335ae95159b6c665dc39fba5cf1901&skey=@crypt_66beaad_7489847fe7bbe92e5ce6e72039801ce8,0,0,gh_,0,[],IT融合 让我们一同启程,0,ITRHRWMYTQC,ITrongherangwomenyitongqicheng,,,,,0,NSB IT Harmonization,0,0,0,0,0,@84335ae95159b6c665dc39fba5cf1901,8
185,,0,0,0,,3,,,/cgi-bin/mmwebwx-bin/webwxgeticon?seq=681129235&username=@3d308809b818d22cd55ac6f1b316bf55&skey=@crypt_66beaad_7489847fe7bbe92e5ce6e72039801ce8,0,0,gh_,0,[],China IT服务,0,CHINAITFW,ChinaITfuwu,,,,,0,China IT服务,0,0,0,0,0,@3d308809b818d22cd55ac6f1b316bf55,8
186,,0,0,0,,3,,,/cgi-bin/mmwebwx-bin/webwxgeticon?seq=693539017&username=@71d3b9ccd91db3321a8a167b3d0333d7&skey=@crypt_66beaad_7489847fe7bbe92e5ce6e72039801ce8,0,0,gh_,0,[],System Service,0,SYSTEMSERVICE,SystemService,,,,,0,SystemService,0,0,0,0,0,@71d3b9ccd91db3321a8a167b3d0333d7,8
187,,0,0,0,,3,,,/cgi-bin/mmwebwx-bin/webwxgeticon?seq=693445189&username=@303ff7c479b16ed2cb9cbc20d97ce545&skey=@crypt_66beaad_7489847fe7bbe92e5ce6e72039801ce8,0,0,gh_,0,[],网络安全快讯,0,WLAQKX,wanglaoanquankuaixun,,,,,0,网络安全快讯,0,0,0,0,0,@303ff7c479b16ed2cb9cbc20d97ce545,8
188,,0,0,0,,3,,,/cgi-bin/mmwebwx-bin/webwxgeticon?seq=693556306&username=@6e5380df1d1d0abb74e857c7a7d5a131&skey=@crypt_66beaad_7489847fe7bbe92e5ce6e72039801ce8,0,0,gh_,0,[],公司地址簿Addressbook,0,GSDZBADDRESSBOOK,gongsidezhibuAddressbook,,,,,0,公司地址簿,0,0,0,0,0,@6e5380df1d1d0abb74e857c7a7d5a131,8
189,,0,0,0,,3,,,/cgi-bin/mmwebwx-bin/webwxgeticon?seq=693556307&username=@8921791c06082442941d1813f7c67f24&skey=@crypt_66beaad_7489847fe7bbe92e5ce6e72039801ce8,0,0,gh_,0,[],移动打印MobilePrinting,0,YDDYMOBILEPRINTING,yidongdayinMobilePrinting,,,,,0,移动打印,0,0,0,0,0,@8921791c06082442941d1813f7c67f24,8
190,,0,0,0,,3,,,/cgi-bin/mmwebwx-bin/webwxgeticon?seq=693556308&username=@13e09d88b93ef85c0b264f5ed9eaa8c7&skey=@crypt_66beaad_7489847fe7bbe92e5ce6e72039801ce8,0,0,gh_,0,[],餐卡查询BerryCard,0,CKZXBERRYCARD,cankazhaxunBerryCard,,,,,0,餐卡查询,0,0,0,0,0,@13e09d88b93ef85c0b264f5ed9eaa8c7,8
191,,0,0,0,,3,,,/cgi-bin/mmwebwx-bin/webwxgeticon?seq=693556310&username=@278847567cfdb66d2d70b7ab4c2a10fb&skey=@crypt_66beaad_7489847fe7bbe92e5ce6e72039801ce8,0,0,gh_,0,[],班车查询ShuttleBus,0,BCZXSHUTTLEBUS,banchezhaxunShuttleBus,,,,,0,班车查询,0,0,0,0,0,@278847567cfdb66d2d70b7ab4c2a10fb,8
192,,0,0,0,杭州,1,,,/cgi-bin/mmwebwx-bin/webwxgeticon?seq=693558824&username=@9ca85a701620caf3be2137d019354f7b&skey=@crypt_66beaad_7489847fe7bbe92e5ce6e72039801ce8,0,0,gh_,0,[],浙大资享计划CIA,0,ZDZXJHCIA,zhedazixiangjihuaCIA,浙江,,,,0,资享计划（The Capital Intelligence Association，简称“CIA”），一项创新驱动的MBA TRACK项目育人新模式与新平台,0,0,0,0,0,@9ca85a701620caf3be2137d019354f7b,8
193,,0,0,0,西城,1,,,/cgi-bin/mmwebwx-bin/webwxgeticon?seq=693568533&username=@a7b9ffce8054e8f80e2e3655a2f0ea62&skey=@crypt_66beaad_7489847fe7bbe92e5ce6e72039801ce8,0,0,gh_,0,[],联合低音,0,LHDY,lianhediyin,北京,,,,0,有智、有识、有恒，做有声音的文字。,0,0,0,0,0,@a7b9ffce8054e8f80e2e3655a2f0ea62,24
194,,0,0,0,杭州,515,,,/cgi-bin/mmwebwx-bin/webwxgeticon?seq=680969919&username=@0ff5dfef3c971e7429b6898e7fde7a15&skey=@crypt_66beaad_7489847fe7bbe92e5ce6e72039801ce8,0,0,gh_,0,[],二维火吃喝购,0,EWHCHG,erweihuochihegou,浙江,,,,0,一站式吃喝玩乐必备神器。身边好店，在线点餐，扫码付款，还有更多便捷功能，关注我就知道啦~,0,0,0,0,0,@0ff5dfef3c971e7429b6898e7fde7a15,24
195,,0,0,0,深圳,3,,,/cgi-bin/mmwebwx-bin/webwxgeticon?seq=693575670&username=@c84178bbc0550e2ad95f49f42b4863be&skey=@crypt_66beaad_7489847fe7bbe92e5ce6e72039801ce8,0,0,gh_,0,[],小鹅通知识助手,0,XETZSZS,xiaoetongzhishizhushou,广东,,,,0,小鹅通，专注内容付费的技术服务商。,0,0,0,0,0,@c84178bbc0550e2ad95f49f42b4863be,24
196,,0,0,0,,515,,,/cgi-bin/mmwebwx-bin/webwxgeticon?seq=681129193&username=@080e738477d66ed12173923d6ff72e8e&skey=@crypt_66beaad_7489847fe7bbe92e5ce6e72039801ce8,0,0,gh_,0,[],企业小助手,0,QYXZS,qiyexiaozhushou,,,,,0,InsideASB,0,0,0,0,0,@080e738477d66ed12173923d6ff72e8e,8
197,,0,0,0,,515,,,/cgi-bin/mmwebwx-bin/webwxgeticon?seq=620766012&username=@f0f0c1bc27eda81fa06daf157db59630&skey=@crypt_66beaad_7489847fe7bbe92e5ce6e72039801ce8,0,0,gh_,0,[],中国工商银行电子银行,0,ZGGSYXDZYX,zhongguogongshangyinxingdianziyinxing,北京,,,,0,中国工商银行电子银行官方公众号！直接输入问题，智能客服“工小智”7×24小时在线为您解答，更有优惠信息、黄金价格、网点查询、余额查询等诸多服务，立即关注，尽享智惠金融！,0,0,0,0,0,@f0f0c1bc27eda81fa06daf157db59630,24
198,,0,0,0,杭州,3,,,/cgi-bin/mmwebwx-bin/webwxgeticon?seq=693596641&username=@2cc915f6bd07e6ebd12cf2ea1e827f19&skey=@crypt_66beaad_7489847fe7bbe92e5ce6e72039801ce8,0,0,gh_,0,[],楼市杭州,0,LSHZ,loushihangzhou,浙江,,,,0,专注杭州楼市，提供真实市场数据，分析行业动态，为你带来新鲜的楼市信息资讯！,0,0,0,0,0,@2cc915f6bd07e6ebd12cf2ea1e827f19,24
199,,0,0,0,杭州,1,,,/cgi-bin/mmwebwx-bin/webwxgeticon?seq=693600838&username=@09d81102f54648628f8e8f8788a62491&skey=@crypt_66beaad_7489847fe7bbe92e5ce6e72039801ce8,0,0,gh_,0,[],东塔西塔,0,DTXT,dongtaxita,浙江,,,,0,诺基亚杭州图书馆 这里有书，有杂志，有体悟，有人生。,0,0,0,0,0,@09d81102f54648628f8e8f8788a62491,8
200,,0,0,0,杭州,1,,,/cgi-bin/mmwebwx-bin/webwxgeticon?seq=693601656&username=@50aeb76fcd96772c73b3d8ae32e27dab&skey=@crypt_66beaad_7489847fe7bbe92e5ce6e72039801ce8,0,0,gh_,0,[],欣盛东方郡业委会,0,XSDFJYWH,xinshengdongfangjunyeweihui,浙江,,,,0,东方郡业委会信息发布，业主沟通交流平台。,0,0,0,0,0,@50aeb76fcd96772c73b3d8ae32e27dab,24
201,,0,0,0,徐汇,1,,,/cgi-bin/mmwebwx-bin/webwxgeticon?seq=693610068&username=@5c71b2b175e23d280d8e161c11786312&skey=@crypt_66beaad_7489847fe7bbe92e5ce6e72039801ce8,0,0,gh_,0,[],金枕头,0,JZT,jinzhentou,上海,,,,0,我们为参与到中国酒店金枕头奖评选中的神秘人提供酒店、高尔夫、航空、签证、MICE、目的地旅行等有效商务生活资讯，负责用纯手工的方式描摹中国财富精英的崭新奢华观，定制不量产的全新生活方式指南手册。,0,0,0,0,0,@5c71b2b175e23d280d8e161c11786312,24
202,,0,0,0,,3,,,/cgi-bin/mmwebwx-bin/webwxgeticon?seq=693618873&username=@abda867049d30cf21c61650876e8afba&skey=@crypt_66beaad_7489847fe7bbe92e5ce6e72039801ce8,0,0,gh_,0,[],待办ToDo,0,DBTODO,daibanToDo,,,,,0,待办ToDo,0,0,0,0,0,@abda867049d30cf21c61650876e8afba,8
203,,0,0,0,,3,,,/cgi-bin/mmwebwx-bin/webwxgeticon?seq=681129228&username=@99d49904383eaea07485c779aee43cbd&skey=@crypt_66beaad_7489847fe7bbe92e5ce6e72039801ce8,0,0,gh_,0,[],固网人,0,GWR,guwangren,,,,,0,固网人应用,0,0,0,0,0,@99d49904383eaea07485c779aee43cbd,8
204,,0,0,0,,3,,,/cgi-bin/mmwebwx-bin/webwxgeticon?seq=681129228&username=@99d49904383eaea07485c779aee43cbd&skey=@crypt_66beaad_7489847fe7bbe92e5ce6e72039801ce8,0,0,gh_,0,[],固网人,0,GWR,guwangren,,,,,0,固网人应用,0,0,0,0,0,@99d49904383eaea07485c779aee43cbd,8
205,,0,0,0,朝阳,3,,,/cgi-bin/mmwebwx-bin/webwxgeticon?seq=693624814&username=@7e521f4f39f9b6bd0487abf2636dc55d&skey=@crypt_66beaad_7489847fe7bbe92e5ce6e72039801ce8,0,0,gh_,0,[],HyperAI超神经,0,HYPERAICSJ,HyperAIchaoshenjing,北京,,,,0,人工智能领域实验媒体，站在技术与人文的路口，读懂人工智能。,0,0,0,0,0,@7e521f4f39f9b6bd0487abf2636dc55d,24
206,,0,0,0,深圳,1,,,/cgi-bin/mmwebwx-bin/webwxgeticon?seq=693630393&username=@3dc80d773183c284e11532b057a94841&skey=@crypt_66beaad_7489847fe7bbe92e5ce6e72039801ce8,0,0,gh_,0,[],DJI大疆服务,0,DJIDJFW,DJIdajiangfuwu,广东,,,,0,全面的大疆产品教学视频，及时的售后服务动态，实用的飞行指引和专业的技术支持，都在这里！关注大疆服务，了解不一样的大疆服务体验，让我们为您的飞行保驾护航！,0,0,0,0,0,@3dc80d773183c284e11532b057a94841,24
207,,0,0,0,杭州,3,,,/cgi-bin/mmwebwx-bin/webwxgeticon?seq=693656962&username=@44bc344017e30e6a439eb4cf7ce52d02&skey=@crypt_66beaad_7489847fe7bbe92e5ce6e72039801ce8,0,0,gh_,0,[],社汇,0,SH,shehui,浙江,,,,0,关注社汇官方服务号，了解社汇产品使用指南，随时随地获取校友社群最新动态、活动消息和校友通讯录。,0,0,0,0,0,@44bc344017e30e6a439eb4cf7ce52d02,24
208,,0,0,0,杭州,1,,,/cgi-bin/mmwebwx-bin/webwxgeticon?seq=693658713&username=@12040639353dcc5e645585d5070ed53c&skey=@crypt_66beaad_7489847fe7bbe92e5ce6e72039801ce8,0,0,gh_,0,[],网易味央,0,WYWY,wangyiweiyang,浙江,,,,0,网易旗下匠心农业品牌，味，滋味也。央，中央也。味央，极致口味，方才美也。,0,0,0,0,0,@12040639353dcc5e645585d5070ed53c,24
209,,0,0,0,连云港,1,,,/cgi-bin/mmwebwx-bin/webwxgeticon?seq=693660559&username=@019adf1ba7caf5be32e36b63039ca38e&skey=@crypt_66beaad_7489847fe7bbe92e5ce6e72039801ce8,0,0,gh_,0,[],学长刚蝈,0,XCGG,xuechanggangguo,江苏,,,,0,认知分享,0,0,0,0,0,@019adf1ba7caf5be32e36b63039ca38e,8
210,,0,0,0,杭州,1,,,/cgi-bin/mmwebwx-bin/webwxgeticon?seq=693699522&username=@55465593067467610e2a2431fd64eafa&skey=@crypt_66beaad_7489847fe7bbe92e5ce6e72039801ce8,0,0,gh_,0,[],杭州市天文学会,0,HZSTWXH,hangzhoushitianwenxuehui,浙江,,,,0,本订阅号由杭州市天文学会负责管理，旨在普及天文及相关学科的科普知识，用于发布杭州市天文学会组织的各类公益科普活动，并且不定期推送各类天文新闻、科普知识，以及精美天文照片介绍以及拍摄技法等。欢迎关注！,0,0,0,0,0,@55465593067467610e2a2431fd64eafa,8
211,,0,0,0,,3,,,/cgi-bin/mmwebwx-bin/webwxgeticon?seq=693700109&username=@0340bcca5deaac631762859e65c7a50f&skey=@crypt_66beaad_7489847fe7bbe92e5ce6e72039801ce8,0,0,gh_,0,[],学校通知,0,XXTZ,xuexiaotongzhi,,,,,0,关注后可在微信接收学校通知和使用学校应用,0,0,0,0,0,@0340bcca5deaac631762859e65c7a50f,8
212,,0,0,0,,3,,,/cgi-bin/mmwebwx-bin/webwxgeticon?seq=693700110&username=@739c9864462d5119c591aea515953e1a&skey=@crypt_66beaad_7489847fe7bbe92e5ce6e72039801ce8,0,0,gh_,0,[],江南智慧校园,0,JNZHXY,jiangnazhihuixiaoyuan,,,,,0,,0,0,0,0,0,@739c9864462d5119c591aea515953e1a,8
213,,0,0,0,杭州,1,,,/cgi-bin/mmwebwx-bin/webwxgeticon?seq=693700730&username=@087d0f56f7065a8cce1fbb4734e23199&skey=@crypt_66beaad_7489847fe7bbe92e5ce6e72039801ce8,0,0,gh_,0,[],耐撕爸爸服务号,0,NSBBFWH,naisibabafuwuhao,浙江,,,,0,耐撕爸爸服务号是围绕STEAM教育理念，融合科学、技术、工程、艺术和数学，以探究思考、解决实际问题和动手创造为核心的课程服务平台。,0,0,0,0,0,@087d0f56f7065a8cce1fbb4734e23199,8
214,,0,0,0,杭州,1,,,/cgi-bin/mmwebwx-bin/webwxgeticon?seq=693700747&username=@552fd587eeae49cf79cb9b961ea813e1&skey=@crypt_66beaad_7489847fe7bbe92e5ce6e72039801ce8,0,0,gh_,0,[],耐撕BaBa,0,NSBABA,naisiBaBa,浙江,,,,0,教育这条路上，爸爸总要耐撕（nice）一点。前阿里巴巴在线教育专家，联合专业教研团队，创立的STEAM教育自媒体。在科学、技术、工程、艺术、数学的跨学科探索之路上，培养孩子“创造向未来”的能力。,0,0,0,0,0,@552fd587eeae49cf79cb9b961ea813e1,24
